TASK,Blocker,DONE,ETA,OutComes,TutorRel Prj,status,기분 온도,날짜,비고/메모,사람,슬랙발송,우선순위,"📅 튜터 비용 적용 타임라인 "
고성과 신규 포지션 JD 오픈,No,No,2026년 1월 30일,신규 고성과 트랙 튜터 구인 TO nn명 (각 트랙당 nn명 트랙개수 및 규모 미정) (https://www.notion.so/TO-nn-nn-2f02dc3ef514802ba4c2c07c4c8ee7b7?pvs=21),고성과 신규 수주 대비 튜터 구인  (https://www.notion.so/2f52dc3ef51480fa89b5df87ba0a4808?pvs=21),TODO,,2026/02/04,,이선진(교육운영실),No,P0,
디지털 마케팅 JD 작성,No,Yes,2026년 1월 28일,비용테이블 협상 단계 운영 프로세스 문서화 및 적용 시작 (https://www.notion.so/2f32dc3ef514801b9bb3f532bd058531?pvs=21),기존 고성과 튜터 구인 (비용 절감 이탈 대비) (https://www.notion.so/2f52dc3ef514802eb5a7d7e5c030bb81?pvs=21),TODO,,2026/01/28,- 기존 공고 참고하여 작성,"이선진(교육운영실), 최소연(교육운영실)",No,P0,
커리어데이 계약 내부 검토 요청,Yes,Yes,,기한 내 튜터 채용 달성율 / 100% (https://www.notion.so/100-2f02dc3ef51480d49ed0d5a98979348b?pvs=21),튜터 구인 (https://www.notion.so/2f52dc3ef51480a08d4ee335d3db1d1e?pvs=21),TODO,,2026/01/27,-추가된 조항에 대해 논의 후 민호님 계약서 최종 검토 요청 (로아이 시스템 확인 필요),"이선진(교육운영실), 박소희(교육운영실)",No,P1,
스튜디오 장비 세팅,No,Yes,,기한 내 커리큘럼 설계 및 교안 제작 달성율 / 100%  (https://www.notion.so/100-2f02dc3ef51480d78509f5dff818e4b2?pvs=21),교육 방송국 세팅 (https://www.notion.so/2f52dc3ef51480f381d6ef6bc552820b?pvs=21),TODO,,2026/02/02,,박진영(교육운영실),No,P0,
JD 외부 플랫폼 업데이트,No,Yes,2026년 2월 2일,비용테이블 협상 단계 운영 프로세스 문서화 및 적용 시작 (https://www.notion.so/2f32dc3ef514801b9bb3f532bd058531?pvs=21),기존 고성과 튜터 구인 (비용 절감 이탈 대비) (https://www.notion.so/2f52dc3ef514802eb5a7d7e5c030bb81?pvs=21),TODO,,2026/02/02,"- 공고 오픈 이후 → 외부 플랫폼 업로드
- 언리얼, C++ : 잡코리아, 사람인, 게임잡 
- 디지털마케팅 : 잡코리아, 사람인
- 단기심화 : 잡코리아, 사람인",최소연(교육운영실),No,P1,
UXUI JD 작성,No,Yes,2026년 2월 13일,새로운 고성과 서류 등록 튜터 NCS 등록 50% 완료 (https://www.notion.so/NCS-50-2f32dc3ef5148021b5dad252abac8dfa?pvs=21),고성과 신규 수주 대비 튜터 구인  (https://www.notion.so/2f52dc3ef51480fa89b5df87ba0a4808?pvs=21),TODO,,2026/02/06,"- 초안 작성 완료
- 고성과 미팅 진행 후 JD 구체화  (2/11 미팅 진행, 2/12 공고 완성)
- JD 완성 → 소희님 크로스체크 후 오픈",최소연(교육운영실),No,P0,
⭐ EduOps 자주 묻는 질문 답변 템플릿 완성,No,Yes,2026년 1월 28일,"문의 일원화 및 관리를 위한 게시판 개설, 대응 속도 개선 (https://www.notion.so/2f02dc3ef51480bba51fccdd58a10a5d?pvs=21)",EduOps 튜터  (https://www.notion.so/EduOps-2f62dc3ef51480a2bda5e0668ea7b1ad?pvs=21),TODO,,2026/01/28,"- 튜터 로그 문의 게시판 : https://eduops.spartaclub.kr/tutor-log/inquiries/list
- 테스트 ID : T0012 / PW : test1231",최소연(교육운영실),No,P0,
[ BAU ] Unreal 10회차 JD 완성 / EduOps 세팅,No,Yes,2026년 1월 30일,기한 내 튜터 채용 달성율 / 100% (https://www.notion.so/100-2f02dc3ef51480d49ed0d5a98979348b?pvs=21),튜터 구인 (https://www.notion.so/2f52dc3ef51480a08d4ee335d3db1d1e?pvs=21),TODO,,2026/01/30,- 30일(금요일)에 신규 JD 오픈,최소연(교육운영실),No,P2,
[ BAU ] Unreal 추가 홍보 채널 뜯어보기 (언리얼 엔진 공식 카페),No,Yes,2026년 2월 3일,기한 내 튜터 채용 달성율 / 100% (https://www.notion.so/100-2f02dc3ef51480d49ed0d5a98979348b?pvs=21),튜터 구인 (https://www.notion.so/2f52dc3ef51480a08d4ee335d3db1d1e?pvs=21),TODO,,2026/01/28,"- https://docs.google.com/spreadsheets/d/15XwV4HxcD5DEnZIxBKz63jEg5BquGO6kC6rQVxymvkA/edit?gid=0#gid=0
- 언리얼 엔진 공식카페 등업 대기 중 (일주일 소요, 2/2 확인 가능)
- 인디게임 커뮤니티 카페 등업 완료",최소연(교육운영실),No,P2,
편집자/검수자 과제 확인,No,Yes,,온라인 강의 편집/검수 프로세스 개편 (https://www.notion.so/2f42dc3ef51480a18fdaef618e5f64fe?pvs=21),편집 검수자 추가 구인 (https://www.notion.so/2f52dc3ef51480269adefa9f63be214e?pvs=21),TODO,,2026/02/02,,박진영(교육운영실),No,P0,
계약서 수정,No,Yes,,온라인 강의 편집/검수 프로세스 개편 (https://www.notion.so/2f42dc3ef51480a18fdaef618e5f64fe?pvs=21),편집 검수자 추가 구인 (https://www.notion.so/2f52dc3ef51480269adefa9f63be214e?pvs=21),TODO,,2026/02/02,,박진영(교육운영실),No,P1,
그래픽 디자인 3회차 / 4회차 이동 튜터 팔로업,No,Yes,2026년 2월 4일,기한 내 튜터 채용 달성율 / 100% (https://www.notion.so/100-2f02dc3ef51480d49ed0d5a98979348b?pvs=21),튜터 구인 (https://www.notion.so/2f52dc3ef51480a08d4ee335d3db1d1e?pvs=21),TODO,,2026/02/04,"- 3회차 이동 튜터 전달 예정 : 금주 금요일 (1/30) ~ 차주 중 
→ 1회차가 이번 주 중에 종료. 종료 이후, 3회차 / 4회차 합류 의사 확인하여 튜터 명단 전달 예정
→ 4회차 이동 튜터 확정에 따라, EduOps 구인 요청 카드 생성 안내드릴 예정 (이동 튜터 숫자/명단 포함하여)
→ 2/4 수요일 리마인드",최소연(교육운영실),No,P2,
[ AI 캠퍼스 ] 서류 보류 / 폰 스크리닝 불합격 지원자 대상 : 튜터 풀 등록 메일 발송,No,Yes,2026년 1월 30일,AI Campus 튜터 15명 (각 트랙당 3명 ) 서류 등록 완료   (https://www.notion.so/AI-Campus-15-3-2f02dc3ef514806582c8d65846a31e6f?pvs=21),AI Campus 튜터 구인 (https://www.notion.so/AI-Campus-2f52dc3ef51480358cbce3f0de0ce878?pvs=21),TODO,,2026/01/27,"- 서류 보류 대상자 / 폰 스크리닝 불합격 대상자 튜터 풀 등록 메일 초안 작성 완료
- 총 10명 발송 완료",최소연(교육운영실),No,P1,
"[KDC] 2시간 만에 배우는 PPT 부업 강의  공고 업로드 ",No,Yes,,기한 내 튜터 채용 달성율 / 100% (https://www.notion.so/100-2f02dc3ef51480d49ed0d5a98979348b?pvs=21),KDC 튜터 구인 (https://www.notion.so/KDC-2f52dc3ef51480d0afcffca986c5c664?pvs=21),TODO,,2026/02/03,"-공고 업로드
-커리어데이 업로드 여부 판단 필요
",이선진(교육운영실),No,P0,
강의 제작 프로세스 안내 문서 작성,No,Yes,2026년 1월 29일,"제작 관리를 위한 요청, 제작 일정 산정 현황판 구축- 업무/일정 별 제작 채널 알림 자동화(노션, 슬랙) (https://www.notion.so/2f02dc3ef51480ea8de0cd470fadfa08?pvs=21)",강의제작/관리 프로세스 재정비 (https://www.notion.so/2f52dc3ef51480f9a772e12b7e9d4ba1?pvs=21),TODO,,2026/02/02,"슬랙 공지용 메시지와 캔버스 문서 모두   /  채널에 업로드 해도 괜찮을지 확인 부탁드립니다!
(업로드 채널이 아직 안 정해진 것 같아서 확인차 여쭤봅니다!)",박진영(교육운영실),No,P0,
"AI 캠퍼스 튜터 폰스크리닝- 박찬우 ",No,Yes,,AI Campus 튜터 15명 (각 트랙당 3명 ) 서류 등록 완료   (https://www.notion.so/AI-Campus-15-3-2f02dc3ef514806582c8d65846a31e6f?pvs=21),AI Campus 튜터 구인 (https://www.notion.so/AI-Campus-2f52dc3ef51480358cbce3f0de0ce878?pvs=21),TODO,,2026/02/03,,이선진(교육운영실),No,P0,
교육방송국 구매 장비 리스트업,No,Yes,2026년 2월 23일,기한 내 커리큘럼 설계 및 교안 제작 달성율 / 100%  (https://www.notion.so/100-2f02dc3ef51480d78509f5dff818e4b2?pvs=21),교육 방송국 세팅 (https://www.notion.so/2f52dc3ef51480f381d6ef6bc552820b?pvs=21),DONE,,2026/02/04 오후 7:48 (GMT+9),"- 랜선 설치: 2/4 https://teamspartaco.slack.com/archives/C011AKMG0DV/p1769422231801959?thread_ts=1769416528.681709&cid=C011AKMG0DV
- 의자 교체 요청",박진영(교육운영실),No,P0,
튜터 비용 (연봉테이블) 조사,Yes,Yes,2026년 1월 29일,비용테이블 협상 단계 운영 프로세스 문서화 및 적용 시작 (https://www.notion.so/2f32dc3ef514801b9bb3f532bd058531?pvs=21),튜터 비용 절감  (https://www.notion.so/2f52dc3ef5148039b694c882d494bc55?pvs=21),DONE,,2026/01/27,튜터 비용 (연봉테이블) 조사 / 추후 오퍼 제안 때 사용될 수 있는 근거 자료,"박소희(교육운영실), 이선진(교육운영실)",No,P0,분야별 (시장 추이) 연봉 조사 (https://www.notion.so/2f62dc3ef51481bab130e6d637ba16cf?pvs=21)
[ AI 캠퍼스 ] 접수 / 보류 퍼널 불합격 메일 발송,No,Yes,2026년 1월 26일,AI Campus 튜터 15명 (각 트랙당 3명 ) 서류 등록 완료   (https://www.notion.so/AI-Campus-15-3-2f02dc3ef514806582c8d65846a31e6f?pvs=21),AI Campus 튜터 구인 (https://www.notion.so/AI-Campus-2f52dc3ef51480358cbce3f0de0ce878?pvs=21),TODO,,2026/01/26,,최소연(교육운영실),No,P1,
[ AI 캠퍼스 ] 퍼널 정리 / 자동화 재세팅,No,Yes,2026년 1월 30일,AI Campus 튜터 15명 (각 트랙당 3명 ) 서류 등록 완료   (https://www.notion.so/AI-Campus-15-3-2f02dc3ef514806582c8d65846a31e6f?pvs=21),AI Campus 튜터 구인 (https://www.notion.so/AI-Campus-2f52dc3ef51480358cbce3f0de0ce878?pvs=21),TODO,,2026/01/28,"- 접수 → 서류 평가 → 폰스크리닝 진행 / 미진행 → NCS 등록 → 최종 합격 (등록 완료)
- NCS 등록 안내는 자동화 X. 기등록자 여부에 따라 커스텀 하여 발송할 예정
- JD 에 채용 과정 변동 가능성 문장 추가 완료",최소연(교육운영실),No,P0,
❤️‍🔥[ BAU ] 나인하이어 / 메일 / 구글메시지 / EduOps 확인,No,Yes,2026년 2월 27일,기한 내 튜터 채용 달성율 / 100% (https://www.notion.so/100-2f02dc3ef51480d49ed0d5a98979348b?pvs=21),튜터 문의 대응  (https://www.notion.so/2f52dc3ef5148049b21bdeac5148ff3e?pvs=21),DONE,,2026/02/26,"- 튜터톡
- 나인하이어
- 이메일",최소연(교육운영실),No,P0,
인재풀 뻐꾸기,No,Yes,2026년 2월 27일,새로운 고성과 서류 등록 튜터 NCS 등록 50% 완료 (https://www.notion.so/NCS-50-2f32dc3ef5148021b5dad252abac8dfa?pvs=21),고성과 신규 수주 대비 튜터 구인  (https://www.notion.so/2f52dc3ef51480fa89b5df87ba0a4808?pvs=21),DONE,,2026/02/25,"[2/25 진행] 
- JD 오픈 후 진행
- 목적: AI 캠퍼스와 동일. 튜터 풀 모집 / 서류 등록 위함 (다다익선)",최소연(교육운영실),No,P0,
튜터 추천비 지급 구글폼 완성,No,Yes,2026년 1월 30일,기한 내 튜터 채용 달성율 / 100% (https://www.notion.so/100-2f02dc3ef51480d49ed0d5a98979348b?pvs=21),튜터 구인 (https://www.notion.so/2f52dc3ef51480a08d4ee335d3db1d1e?pvs=21),TODO,,2026/01/29,"- https://docs.google.com/forms/d/e/1FAIpQLSch0kVyoNPEho51vHCOq77boPlZA33rEt4T5bZZOGt7CKhQNg/viewform?usp=header (팀스파르타 튜터)
- 마지막 감사 안내 수정 : 제출 후 확인 메시지로 뜨게 세팅 변경
- 재무팀 검토 미진행",최소연(교육운영실),No,P3,
인터뷰 개선 방안 고민,No,No,2026년 2월 20일,기한 내 튜터 채용 달성율 / 100% (https://www.notion.so/100-2f02dc3ef51480d49ed0d5a98979348b?pvs=21),튜터 구인 (https://www.notion.so/2f52dc3ef51480a08d4ee335d3db1d1e?pvs=21),TODO,,2026/02/09,"- Unreal : 강동욱, 유현도님 인터뷰 바탕으로 회고
- 가이드 & 면접 개선 방안 고민",최소연(교육운영실),No,P2,
강의 롤아웃,No,Yes,2026년 2월 19일,"제작 관리를 위한 요청, 제작 일정 산정 현황판 구축- 업무/일정 별 제작 채널 알림 자동화(노션, 슬랙) (https://www.notion.so/2f02dc3ef51480ea8de0cd470fadfa08?pvs=21)",[KDT] 실시간 채팅을 위한 아키텍쳐 설계 (https://www.notion.so/KDT-2f52dc3ef51480398bc5fc9938d3877c?pvs=21),TODO,,2026/02/04 오후 7:40 (GMT+9),(v1.0) 실시간 채팅을 위한 아키텍쳐 설계  (https://www.notion.so/v1-0-2e62dc3ef5148082946bd5e2f1fac6ac?pvs=21) (강의 지급일: 2/23),박진영(교육운영실),No,(진영)날짜,
리허설 촬영 완료,No,Yes,,기한 내 커리큘럼 설계 및 교안 제작 달성율 / 100%  (https://www.notion.so/100-2f02dc3ef51480d78509f5dff818e4b2?pvs=21),[KDT] 실시간 채팅을 위한 아키텍쳐 설계 (https://www.notion.so/KDT-2f52dc3ef51480398bc5fc9938d3877c?pvs=21),TODO,,2026/02/02,,박진영(교육운영실),No,P0,
외주자 작업 권한 부여,No,Yes,,기한 내 커리큘럼 설계 및 교안 제작 달성율 / 100%  (https://www.notion.so/100-2f02dc3ef51480d78509f5dff818e4b2?pvs=21),[KDT] 실시간 채팅을 위한 아키텍쳐 설계 (https://www.notion.so/KDT-2f52dc3ef51480398bc5fc9938d3877c?pvs=21),TODO,,2026/02/02,,박진영(교육운영실),No,P0,
검수자 작업 공유 방법 안내,No,Yes,,기한 내 커리큘럼 설계 및 교안 제작 달성율 / 100%  (https://www.notion.so/100-2f02dc3ef51480d78509f5dff818e4b2?pvs=21),[KDT] 실시간 채팅을 위한 아키텍쳐 설계 (https://www.notion.so/KDT-2f52dc3ef51480398bc5fc9938d3877c?pvs=21),TODO,,2026/02/02,,박진영(교육운영실),No,P0,
크로마키&단색 배경 설정 방법 안내,No,Yes,,기한 내 커리큘럼 설계 및 교안 제작 달성율 / 100%  (https://www.notion.so/100-2f02dc3ef51480d78509f5dff818e4b2?pvs=21),[KDT] 실시간 채팅을 위한 아키텍쳐 설계 (https://www.notion.so/KDT-2f52dc3ef51480398bc5fc9938d3877c?pvs=21),TODO,,2026/02/02,,박진영(교육운영실),No,P0,
리허설 촬영본 피드백,No,Yes,,기한 내 커리큘럼 설계 및 교안 제작 달성율 / 100%  (https://www.notion.so/100-2f02dc3ef51480d78509f5dff818e4b2?pvs=21),[KDT] 실시간 채팅을 위한 아키텍쳐 설계 (https://www.notion.so/KDT-2f52dc3ef51480398bc5fc9938d3877c?pvs=21),TODO,,2026/02/02,,박진영(교육운영실),No,P0,
[KDC] 2시간 만에 배우는 PPT 부업 강의 TRM  등록 및 소싱 진행,No,Yes,2026년 1월 27일,,KDC 튜터 구인 (https://www.notion.so/KDC-2f52dc3ef51480d0afcffca986c5c664?pvs=21),TODO,,2026/02/03,,이선진(교육운영실),No,P0,
-기존 튜터 ppt 사냥꾼 제안,No,Yes,2026년 1월 27일,,KDC 튜터 구인 (https://www.notion.so/KDC-2f52dc3ef51480d0afcffca986c5c664?pvs=21),TODO,,2026/02/03,추구하는 방향성이 달라 보류 → 금주 중 금번 프로젝트는 함께하기 어렵다 메일 발송 必,이선진(교육운영실),No,P0,
강의 롤아웃,No,Yes,2026년 3월 4일,,[KDT] 클라우드 기반 백엔드 설계 (https://www.notion.so/KDT-2f52dc3ef51480bd9cfffaf44b9cac06?pvs=21),DONE,,2026/02/04 오후 7:45 (GMT+9),(v2.0) 클라우드 기반 백엔드 설계 (https://www.notion.so/v2-0-2d12dc3ef514800da407e60af64981a6?pvs=21),박진영(교육운영실),No,(진영)날짜,
챕터4~5 제작 일정 업데이트,No,Yes,,,[KDT] 클라우드 기반 백엔드 설계 (https://www.notion.so/KDT-2f52dc3ef51480bd9cfffaf44b9cac06?pvs=21),TODO,,2026/02/02,"• CH4. 교안 제작 : 1/26(월) ~ 2/1(일) -> 총 7일
• CH5. 교안 제작 : 2/2(월) ~ 2/8(일) -> 총 7일
• Ch4. + Ch.5 촬영(약 3시간 분량) : 2/9(월) ~ 2/15(일) -> 총 7일",박진영(교육운영실),No,P2,
크로마키 설정 확인 및 피드백,No,Yes,,,[KDT] 실시간 채팅을 위한 아키텍쳐 설계 (https://www.notion.so/KDT-2f52dc3ef51480398bc5fc9938d3877c?pvs=21),TODO,,2026/02/02,,박진영(교육운영실),No,P0,
문의사항 답변,No,Yes,,,편집 검수자 추가 구인 (https://www.notion.so/2f52dc3ef51480269adefa9f63be214e?pvs=21),TODO,,2026/02/02,,박진영(교육운영실),No,P0,
기존 외주자 - 계약 변경 사항 안내 DM 작성,No,Yes,,,편집 검수자 추가 구인 (https://www.notion.so/2f52dc3ef51480269adefa9f63be214e?pvs=21),TODO,,2026/02/02,안내 메시지와 슬랙 공지 작성 완료했습니다! 리뷰 부탁드립니다 🙇🏻‍♀️,박진영(교육운영실),No,P0,
신규 편집/검수 가이드 작성,No,Yes,2026년 2월 6일,,편집 검수자 추가 구인 (https://www.notion.so/2f52dc3ef51480269adefa9f63be214e?pvs=21),TODO,,2026/02/04,"• 업무 배정: 신청 → 제안으로 변경
    ◦ 패널티 구조: 2만원 / 타인 발견 시 시간당 5000원 차감
    ◦ 편집자2명, 검수자 → 여러 번 검수하는 단계
    ◦ 시사회 진행 - 지급 전 검수 단계 / 튜터님이나 수강생, 내부 구성원이 하자를 발견할 시 패널티",박진영(교육운영실),No,P0,
"스취평 비용 산정 ",No,Yes,2026년 2월 3일,,튜터 구인 (https://www.notion.so/2f52dc3ef51480a08d4ee335d3db1d1e?pvs=21),TODO,,2026/01/27,"- 스취평 그래픽 디자인 출제위원 비용 → 업무 수행 완전히 다 하지 않음
https://teamspartaco.slack.com/archives/C07M33DQR2M/p1769149952065589
- 250만원 계약 체결 ⇒ 100만원 제안 (메일)
[기존 요청 업무]
• 주요 업무 및 기간: 모션 영상, 2D 그래픽 에셋 제작 (4주)
    ◦ 트렌드 수집 및 분석 (자료 제공)
    ◦ 역량표 설계 (전/현 회사 경험 기반)
    ◦ 문제(과제), 채점표 설계 및 해설 작성 (템플릿, 예시 제공)
        ▪ 2D 디자인, 모션 영상 결과물 포함[실제 진행 업무]
• 채점표 설계까지 완료 
• 문제 출제에 에셋이 불필요하여, 에셋 제작 x 
• 해설본 제작 x",박소희(교육운영실),No,P0,
"요청 / 문의  / 1:1  new 페이지 가이드 ",No,Yes,2026년 1월 29일,,EduOps 튜터  (https://www.notion.so/EduOps-2f62dc3ef51480a2bda5e0668ea7b1ad?pvs=21),TODO,,2026/01/27,,박소희(교육운영실),No,P0,
"만족도조사 당첨자 기프티콘 제공 ",No,Yes,2026년 2월 2일,,EduOps 튜터  (https://www.notion.so/EduOps-2f62dc3ef51480a2bda5e0668ea7b1ad?pvs=21),TODO,,2026/01/27,"당첨 튜터 : 
• T20251218-010
• T20250701-014
• T20251103-011
• T20250401-031
• T20251222-001
- 스타벅스 만원권 / 팀 카드 & 접대비 
-https://docs.google.com/spreadsheets/d/1scSh84bCsxzaUuy490suV4qdjDQYfWeKTEKh1C-O1u4/edit?gid=0#gid=0","박소희(교육운영실), 최소연(교육운영실)",No,P0,
튜터 비용 절감 운영 전체 진행 일정 산정,No,Yes,2026년 1월 28일,,튜터 비용 절감  (https://www.notion.so/2f52dc3ef5148039b694c882d494bc55?pvs=21),DONE,,2026/01/27,https://www.notion.so/2f62dc3ef514805eaa83cf40f7208858?pvs=21,박소희(교육운영실),No,P1,
1:1 마케팅 트랙 이현주님 답변,No,Yes,,,튜터 문의 대응  (https://www.notion.so/2f52dc3ef5148049b21bdeac5148ff3e?pvs=21),TODO,,2026/01/27,https://eduops.spartaclub.kr/tutors/tutor-log/inquiries/7,박소희(교육운영실),No,,
"27일 (화) 문의 답변 ⇒ 완료 처리 ",No,Yes,2026년 1월 28일,,튜터 문의 대응  (https://www.notion.so/2f52dc3ef5148049b21bdeac5148ff3e?pvs=21),TODO,,2026/01/27,- 추가 문의 확인 후 문의 사항 없을 경우 진행,박소희(교육운영실),No,,
"교육방송국 사용 안내 문구 ",No,Yes,2026년 2월 5일,,교육 방송국 세팅 (https://www.notion.so/2f52dc3ef51480f381d6ef6bc552820b?pvs=21),TODO,,2026/02/04,"- 예 ) 모니터 / 마이크 / 조명 / 웰컴 인사 등 담당자 컨택 
- 물 / 커피 골목 마켓 사용 유도 &  화장실 위치 등등 ..
- 촬영 전 필수 체크 리스트 (종이로 확인 / 알림은 모두 OFF 하셨나요?)
-  촬영 종료 후 :~~~",박진영(교육운영실),No,P3,
스튜디오 예산 책정,No,No,2026년 3월 7일,,"교육 방송국 세팅 (https://www.notion.so/2f52dc3ef51480f381d6ef6bc552820b?pvs=21), 온라인 강의 촬영 관리 개선 (https://www.notion.so/3132dc3ef5148048982fe5a30380d1f6?pvs=21)",TODO,,2026/02/04 오후 7:48 (GMT+9),,박진영(교육운영실),No,P2,
[ PPT 부업 지원자 소싱 ] 인터뷰 일정 조율,No,Yes,2026년 1월 28일,,KDC 튜터 구인 (https://www.notion.so/KDC-2f52dc3ef51480d0afcffca986c5c664?pvs=21),TODO,,2026/01/28,- 장표공방님 인터뷰 조율,최소연(교육운영실),No,P0,
강의 관리 라이브러리화,No,No,2026년 2월 21일,,강의제작/관리 프로세스 재정비 (https://www.notion.so/2f52dc3ef51480f9a772e12b7e9d4ba1?pvs=21),TODO,,2026/02/04 오후 7:40 (GMT+9),,박진영(교육운영실),No,P3,
강의 관리 현황 및 라이브러리화 현황판 제작 요청,No,Yes,,,강의제작/관리 프로세스 재정비 (https://www.notion.so/2f52dc3ef51480f9a772e12b7e9d4ba1?pvs=21),TODO,,2026/02/02,,박진영(교육운영실),No,,
회고 진행 미팅록 작성,No,Yes,2026년 2월 19일,,[KDT] 실시간 채팅을 위한 아키텍쳐 설계 (https://www.notion.so/KDT-2f52dc3ef51480398bc5fc9938d3877c?pvs=21),TODO,,2026/02/04 오후 7:45 (GMT+9),"회고 내용 ⇒ 추후 강의 제작 시스템에 반영 예정
- 강의가 시간 안에 잘 나왔는지? 
- 일정 지연 등 미리 예측 할 수 있는 부분이 있었는지 (튜터님 사정 제외 하고)
- 소통/ 업무 프로세스 진행 시 어려운 점은 없었는지? 
- (품질 관점에서) 리허설 가이드 제공 → 촬영 본은 어떠하였는지? (간단 시사회)",박진영(교육운영실),No,P0,
챕터1 촬영 안내,No,Yes,2026년 1월 29일,,[KDT] 실시간 채팅을 위한 아키텍쳐 설계 (https://www.notion.so/KDT-2f52dc3ef51480398bc5fc9938d3877c?pvs=21),TODO,,2026/02/02,"- 검수: 강의 교안, 코드 실행 가능 여부 확인 예정
- 검수 단계에서 필요한 요청 사항이 있다면 편하게 말씀
- 이슈 사항 발생 시 검수자가 튜터님 태그 할 수 있음, 확인 부탁",박진영(교육운영실),No,(진영)날짜,
-최종 합류 튜터 확정,No,Yes,2026년 1월 28일,,KDC 튜터 구인 (https://www.notion.so/KDC-2f52dc3ef51480d0afcffca986c5c664?pvs=21),TODO,,2026/02/03,60만원~100만원 선으로 제안→ 100만원으로 제안 完,이선진(교육운영실),No,P0,
Unity 게임 클라이언트 개발 JD 작성,No,Yes,2026년 2월 13일,,고성과 신규 수주 대비 튜터 구인  (https://www.notion.so/2f52dc3ef51480fa89b5df87ba0a4808?pvs=21),TODO,,2026/02/06,"- 초안 작성 완료
- 고성과 미팅 진행 후 JD 구체화  (2/11 미팅 진행, 2/12 공고 완성)
- JD 완성 → 소희님 크로스체크 후 오픈",최소연(교육운영실),No,P0,
게임 기획 JD 작성,No,Yes,2026년 2월 13일,,고성과 신규 수주 대비 튜터 구인  (https://www.notion.so/2f52dc3ef51480fa89b5df87ba0a4808?pvs=21),TODO,,2026/02/06,"- 초안 작성 완료
- 고성과 미팅 진행 후 JD 구체화 (2/11 미팅 진행, 2/12 공고 완성)
- JD 완성 → 소희님 크로스체크 후 오픈",최소연(교육운영실),No,P0,
[BAU] NCS / 보수교육 현황 확인,No,Yes,2026년 2월 6일,,AI Campus NCS 등록 현황 확인 & 문의대응 (https://www.notion.so/AI-Campus-NCS-2f62dc3ef51480abac6ef0c6abbe9007?pvs=21),TODO,,2026/02/06,"2/6 16시 기준
https://docs.google.com/spreadsheets/d/1zYX8KmkWASyR9LZXZfQl57DzJFBqS3E0663mpUvk2sk/edit?gid=963770963#gid=963770963
- NCS 등록 완료 + 보수교육 이수증 제출 완료 (이규석 님 포함) : 18명
- NCS 등록 완료 + 보수교육 이수 중 : 15명
- NCS 등록 신청 완료 (심사 대기 중) : 8명
- NCS 등록 신청 진행 중 : 10명
- 폰 스크리닝 평가 진행 중 : 2명
- 폰 스크리닝 예정 : 1명
- 2주 경과 시 지원자 to NCS 문의 필요 (2/7 후 ~)",최소연(교육운영실),No,P0,
Unreal JD 작성,No,Yes,2026년 1월 28일,,기존 고성과 튜터 구인 (비용 절감 이탈 대비) (https://www.notion.so/2f52dc3ef514802eb5a7d7e5c030bb81?pvs=21),TODO,,2026/01/28,"- 기존 10회차 공고로 모집 ",최소연(교육운영실),No,P0,
단기심화 Spring JD 작성,No,Yes,2026년 1월 28일,,기존 고성과 튜터 구인 (비용 절감 이탈 대비) (https://www.notion.so/2f52dc3ef514802eb5a7d7e5c030bb81?pvs=21),TODO,,2026/01/28,- 기존 공고 참고하여 작성,최소연(교육운영실),No,P0,
디지털 마케팅 / Unreal / 단기심화 JD 오픈,No,Yes,2026년 2월 2일,,기존 고성과 튜터 구인 (비용 절감 이탈 대비) (https://www.notion.so/2f52dc3ef514802eb5a7d7e5c030bb81?pvs=21),TODO,,2026/02/02,"- 신규 리드만 받기
- 3월쯤 TO 상황에 따라 내부 풀 컨택",최소연(교육운영실),No,P0,
Unreal 인터뷰 참관,No,Yes,2026년 1월 29일,,튜터 구인 (https://www.notion.so/2f52dc3ef51480a08d4ee335d3db1d1e?pvs=21),TODO,,2026/01/29,- 1/29 10:30 am 유현도님 인터뷰 참관,최소연(교육운영실),No,P1,
UXUI / Unity / 게임 기획 JD 오픈,No,Yes,2026년 2월 13일,,고성과 신규 수주 대비 튜터 구인  (https://www.notion.so/2f52dc3ef51480fa89b5df87ba0a4808?pvs=21),TODO,,2026/02/13,,최소연(교육운영실),No,P3,
정리 후 요청 / (1) 튜터 운영 현황 대시보드,No,Yes,,,EduOps 튜터  (https://www.notion.so/EduOps-2f62dc3ef51480a2bda5e0668ea7b1ad?pvs=21),TODO,,2026/02/04,,박소희(교육운영실),No,P1,
정리 후 요청 / (2) 튜터 커뮤니티 (활동 중인 튜터 전용),No,No,2026년 5월 31일,,EduOps 튜터  (https://www.notion.so/EduOps-2f62dc3ef51480a2bda5e0668ea7b1ad?pvs=21),TODO,,2026/02/04," - 슬랙 대용",박소희(교육운영실),No,P3,
"튜터 현황 조사 ",Yes,No,2026년 2월 6일,,튜터 비용 절감  (https://www.notion.so/2f52dc3ef5148039b694c882d494bc55?pvs=21),DONE,,2026/02/04,마케팅 / 단기심화 / 언리얼 조사 필요,박소희(교육운영실),No,P0,튜터향 제안 키메시지 수립 (https://www.notion.so/2f62dc3ef514817280c7dbab37bd5f51?pvs=21)
수강생 화면 녹화 관련  공지?,No,No,,,EduOps 튜터  (https://www.notion.so/EduOps-2f62dc3ef51480a2bda5e0668ea7b1ad?pvs=21),TODO,,2026/02/04,"- 혜민님 잡담
ㄴ 튜터 수업 화면녹화 관려하여 계약서에 녹일 수 있을지? 
ㄴ 그라운드 룰 / 활동가이드 내에 풀어내는 것이 좋을 것으로 예상",박소희(교육운영실),No,P3,
"[미팅] 키메시지 수립 ",No,Yes,2026년 1월 29일,,튜터 비용 절감  (https://www.notion.so/2f52dc3ef5148039b694c882d494bc55?pvs=21),DONE,,2026/02/03,,,No,,튜터향 제안 키메시지 수립 (https://www.notion.so/2f62dc3ef514817280c7dbab37bd5f51?pvs=21)
설득 전략 세부 기획,No,Yes,2026년 2월 5일,,튜터 비용 절감  (https://www.notion.so/2f52dc3ef5148039b694c882d494bc55?pvs=21),DONE,,2026/02/20 오후 7:31 (GMT+9),,"박소희(교육운영실), 이선진(교육운영실)",No,P0,설득 전략 세부 기획 (유선미팅 스크립트) (https://www.notion.so/2f62dc3ef5148107aa19e86f97ec63a0?pvs=21)
예상 금액 트랙별 확정,No,Yes,2026년 2월 4일,,튜터 비용 절감  (https://www.notion.so/2f52dc3ef5148039b694c882d494bc55?pvs=21),DONE,,2026/02/19 오후 7:31 (GMT+9),,"박소희(교육운영실), 이선진(교육운영실)",No,P0,
교육운영팀 내 키메시지 전파,No,Yes,2026년 1월 30일,,튜터 비용 절감  (https://www.notion.so/2f52dc3ef5148039b694c882d494bc55?pvs=21),DONE,,2026/01/27,,박소희(교육운영실),No,,대상 튜터 별 금액 제안 전략  (https://www.notion.so/2f62dc3ef514815e812fdf479ba5c0c5?pvs=21)
계약서 템플릿 수정,No,No,2026년 2월 20일,,튜터 비용 절감  (https://www.notion.so/2f52dc3ef5148039b694c882d494bc55?pvs=21),TODO,,2026/02/03,,박소희(교육운영실),No,P1,
"대상 튜터 별 금액 제안 전략 ",No,Yes,2026년 2월 4일,,튜터 비용 절감  (https://www.notion.so/2f52dc3ef5148039b694c882d494bc55?pvs=21),DONE,,2026/02/05 오후 7:31 (GMT+9),,"박소희(교육운영실), 이선진(교육운영실)",No,P1,"교육운영매니저님 서베이 요청 (https://www.notion.so/2fc2dc3ef514802b9097d626546fe5a3?pvs=21), 대상 튜터 별 금액 제안 전략  (https://www.notion.so/2f62dc3ef514815e812fdf479ba5c0c5?pvs=21)"
튜터향 제안 키메시지 수립,No,Yes,2026년 1월 29일,,튜터 비용 절감  (https://www.notion.so/2f52dc3ef5148039b694c882d494bc55?pvs=21),DONE,,2026/01/30,,박소희(교육운영실),No,P0,
"대상 튜터 리스트업 ",No,Yes,2026년 2월 13일,,튜터 비용 절감  (https://www.notion.so/2f52dc3ef5148039b694c882d494bc55?pvs=21),DONE,,2026/02/03,- 요청 템플릿 마련 필요,"박소희(교육운영실), 이선진(교육운영실)",No,P1,교육운영매니저님 서베이 요청 (https://www.notion.so/2fc2dc3ef514802b9097d626546fe5a3?pvs=21)
컨택 시작,Yes,No,2026년 2월 23일,,튜터 비용 절감  (https://www.notion.so/2f52dc3ef5148039b694c882d494bc55?pvs=21),TODO,,2026/02/24 오후 7:31 (GMT+9),,"박소희(교육운영실), 이선진(교육운영실)",No,P1,
대상 튜터 리스트업 템플릿(서베이) 제작,No,Yes,2026년 2월 9일,,튜터 비용 절감  (https://www.notion.so/2f52dc3ef5148039b694c882d494bc55?pvs=21),DONE,,2026/02/03,- KDT 교육운영팀 요청 향,"박소희(교육운영실), 이선진(교육운영실)",No,P0,교육운영매니저님 서베이 요청 (https://www.notion.so/2fc2dc3ef514802b9097d626546fe5a3?pvs=21)
박소연 튜터 추가 안내 (나인하이어 메일 수신 차단) → 개인 메일로 추가 안내 필요,No,Yes,,,튜터 문의 대응  (https://www.notion.so/2f52dc3ef5148049b21bdeac5148ff3e?pvs=21),TODO,,2026/02/03,,이선진(교육운영실),No,P0,
디지털 마케팅 / Unreal / 단기심화 EduOps 채용 카드 세팅,No,Yes,2026년 1월 30일,,기존 고성과 튜터 구인 (비용 절감 이탈 대비) (https://www.notion.so/2f52dc3ef514802eb5a7d7e5c030bb81?pvs=21),TODO,,2026/01/30,- 기본 세팅 완료,최소연(교육운영실),No,P1,
EduOps 자주 묻는 질문 템플릿에 NCS 관련 문의 추가,No,Yes,2026년 1월 28일,,EduOps 튜터  (https://www.notion.so/EduOps-2f62dc3ef51480a2bda5e0668ea7b1ad?pvs=21),TODO,,2026/01/28,,최소연(교육운영실),No,P0,
인건비 관리 노션 페이지 제작,No,Yes,2026년 2월 20일,온라인 강의 편집/검수 프로세스 개편 (https://www.notion.so/2f42dc3ef51480a18fdaef618e5f64fe?pvs=21),편집 검수자 추가 구인 (https://www.notion.so/2f52dc3ef51480269adefa9f63be214e?pvs=21),TODO,,2026/02/04 오후 7:40 (GMT+9),마스터 페이지(촬영 운영) → 외주자 개인 페이지 → 인건비 DB,박진영(교육운영실),No,P2,
인건비 교육,No,Yes,2026년 1월 28일,,튜터 구인 (https://www.notion.so/2f52dc3ef51480a08d4ee335d3db1d1e?pvs=21),TODO,,2026/01/29,- 메모용,최소연(교육운영실),No,P1,
기존 외주자 - 채널 공지글 작성,No,Yes,,,편집 검수자 추가 구인 (https://www.notion.so/2f52dc3ef51480269adefa9f63be214e?pvs=21),TODO,,2026/02/02,,박진영(교육운영실),No,P0,
강의 제작 시스템 다운로드 / 웅준님 미팅,No,Yes,2026년 2월 4일,,강의제작/관리 프로세스 재정비 (https://www.notion.so/2f52dc3ef51480f9a772e12b7e9d4ba1?pvs=21),TODO,,2026/02/04 오후 7:47 (GMT+9),"- Flow / DB 가 바뀌는 것이 바뀌는 것은 무조건 먼저 이야기해 드리기
- 노션 페이지 활용해서 어떻게 제작되고 바뀌는지 공유",박진영(교육운영실),No,P1,
[ PPT 부업 ] 장표공방님 메일 발송,No,Yes,2026년 1월 29일,,KDC 튜터 구인 (https://www.notion.so/KDC-2f52dc3ef51480d0afcffca986c5c664?pvs=21),TODO,,2026/01/29,,최소연(교육운영실),No,P0,
디지털 마케팅 / Unreal / 단기심화 JD 완성,No,Yes,2026년 1월 29일,,기존 고성과 튜터 구인 (비용 절감 이탈 대비) (https://www.notion.so/2f52dc3ef514802eb5a7d7e5c030bb81?pvs=21),TODO,,2026/01/29,"- 설명 배치 변경 완료
- 르탄이 디자인 변경 (배너 교체) 완료",최소연(교육운영실),No,P0,
[ 구두 논의 ] 단기심화 Spring 담당자 교체 관련,No,Yes,2026년 1월 29일,,튜터 구인 (https://www.notion.so/2f52dc3ef51480a08d4ee335d3db1d1e?pvs=21),TODO,,2026/01/29,"- 수미님 → 승님으로 담당자 교체되심
- 29일 오전에 자리에 와서 구두로 설명해주신다고 함",최소연(교육운영실),No,P1,
피피티 사냥꾼 진행 상황 메일 발송 필요,No,Yes,2026년 1월 30일,,KDC 튜터 구인 (https://www.notion.so/KDC-2f52dc3ef51480d0afcffca986c5c664?pvs=21),TODO,,2026/02/03,,이선진(교육운영실),No,,
단기심화 Spring 튜터 명단 전달 & 계약에 반영,No,Yes,2026년 1월 29일,,튜터 구인 (https://www.notion.so/2f52dc3ef51480a08d4ee335d3db1d1e?pvs=21),TODO,,2026/01/29,- 기존 계약 : 7명 → 3명 (예비 튜터 1명?)으로 변경됨,최소연(교육운영실),No,P1,
[미팅] Unreal 8회차 튜터 구인,No,Yes,,,튜터 구인 (https://www.notion.so/2f52dc3ef51480a08d4ee335d3db1d1e?pvs=21),TODO,,2026/01/27,"- 144명 목표로 진행  / 튜터 투입 8명 
- 3회차, 4회차에서 넘어 가는 인원 4명 
- 신규 채용 5명 (c++ 포함) ⇒ 회차 투입 9명 // 150명 넘으면 “9명 투입”
ㄴ 전 과정동안 C++ 학습이 필요하여 2명이 유지되면 문제 없음",박소희(교육운영실),No,,
AI 캠퍼스 튜터 폰스크리닝- 김지현,No,Yes,,,AI Campus 튜터 구인 (https://www.notion.so/AI-Campus-2f52dc3ef51480358cbce3f0de0ce878?pvs=21),TODO,,2026/02/03,,이선진(교육운영실),No,,
[ 구두 논의 ] Unreal 이동 튜터 관련,No,Yes,2026년 1월 29일,,튜터 구인 (https://www.notion.so/2f52dc3ef51480a08d4ee335d3db1d1e?pvs=21),TODO,,2026/01/29,"- 8기로 이동하는 튜터님들 확정된 명단 요청드림
- 복잡하다고 구두로 말씀해주신다고 함 : 모집 인원 수에 따라 확정 여부가 계속 뒤바뀌는 상황이라 애매함. / 튜터님과의 커뮤니케이션은 전부 수인님이 맡아 진행 중이시고, 조호영 튜터님(합류 확정) 제외 모두 병행으로 제안드렸기 때문에 합류 번복해도 크게 무리 없음. 
- 조호영 : 5회차 → 8회차로 완전 이동. EduOps 계약 생성 완료
- 박경호 : 5회차 + 8회차 병행. 기철님 수정 후 EduOps 계약 생성 필요
- 김하연, 한창욱 : 합류 논의 중. 수강생 인원 수에 따라 달라질 예정… ",최소연(교육운영실),No,P1,
AI 캠퍼스 튜터 서류 검토,No,Yes,,,AI Campus 튜터 구인 (https://www.notion.so/AI-Campus-2f52dc3ef51480358cbce3f0de0ce878?pvs=21),TODO,,2026/02/03,,이선진(교육운영실),No,,
"책쟁이님 오후 2시까지 회신 없을 시, 유선으로 진행 여부 확인 및 안내",No,Yes,,,KDC 튜터 구인 (https://www.notion.so/KDC-2f52dc3ef51480d0afcffca986c5c664?pvs=21),TODO,,2026/02/03,-턴키 100만원 (2시간 분량 협의 완료),이선진(교육운영실),No,,
나인하이어 지원자 결과 메일 발송 (보류 단계),No,Yes,,,편집 검수자 추가 구인 (https://www.notion.so/2f52dc3ef51480269adefa9f63be214e?pvs=21),TODO,,2026/02/02,,박진영(교육운영실),No,P1,
문의 안내,No,Yes,,,편집 검수자 추가 구인 (https://www.notion.so/2f52dc3ef51480269adefa9f63be214e?pvs=21),TODO,,2026/02/02,,박진영(교육운영실),No,P1,
과제 평가,No,Yes,,,편집 검수자 추가 구인 (https://www.notion.so/2f52dc3ef51480269adefa9f63be214e?pvs=21),TODO,,2026/02/02,,박진영(교육운영실),No,P1,
[ PPT 부업 ] 장표공방님 응대,No,Yes,2026년 1월 30일,,KDC 튜터 구인 (https://www.notion.so/KDC-2f52dc3ef51480d0afcffca986c5c664?pvs=21),TODO,,2026/01/30,- 1/30 (금) 4:30pm 메일 예약 완료,최소연(교육운영실),No,P0,
EduOps 문의답변 템플릿 개선,No,Yes,2026년 1월 29일,,EduOps 튜터  (https://www.notion.so/EduOps-2f62dc3ef51480a2bda5e0668ea7b1ad?pvs=21),TODO,,2026/01/29,- 운영 매니저 분들이 읽었을 때 한번에 잘 이해할 수 있도록 설명 보완,최소연(교육운영실),No,P1,
디지털 마케팅 / Unreal / 단기심화 인터뷰 평가표 수정,No,Yes,2026년 2월 3일,,기존 고성과 튜터 구인 (비용 절감 이탈 대비) (https://www.notion.so/2f52dc3ef514802eb5a7d7e5c030bb81?pvs=21),TODO,,2026/02/02,- 주강사 / 보조강사 구분하여 채용할 수 있도록,최소연(교육운영실),No,P1,
나인하이어 - 이성민님 NCS 등록 완료 메시지,No,Yes,2026년 1월 29일,,튜터 문의 대응  (https://www.notion.so/2f52dc3ef5148049b21bdeac5148ff3e?pvs=21),TODO,,2026/01/29,"- HRD-net 시스템에서 확인 후 응대
- 직종 코드 잘못 신청돼 있음. 안내 완료",최소연(교육운영실),No,P0,
[ AI 캠퍼스 ] NCS 등록 완료 지원자 대상 : 최종 합격 & 보수교육 이수 안내,No,Yes,2026년 2월 2일,,AI Campus 튜터 구인 (https://www.notion.so/AI-Campus-2f52dc3ef51480358cbce3f0de0ce878?pvs=21),TODO,,,"- 2월 1일부터 보수교육 이수 가능 : https://hrdi.koreatech.ac.kr/?m1=page&menu_id=70&page=1
- 이규석님 제외 17명 메일 발송 필요
- 2/2 오전 9시 일괄 메일 발송 (1/30 금요일 알람 걸어두기)",최소연(교육운영실),No,P2,
책쟁이 오퍼 메일 발송,No,Yes,,,KDC 튜터 구인 (https://www.notion.so/KDC-2f52dc3ef51480d0afcffca986c5c664?pvs=21),TODO,,2026/02/03,-턴키 100만원 (2시간 분량 협의 완료),이선진(교육운영실),No,,
편집자 구인,No,Yes,,,[신사업] AI 로켓 그로스 수익화 강의 (https://www.notion.so/AI-2f72dc3ef514808caac9ca6f783ef714?pvs=21),TODO,,2026/02/02,,박진영(교육운영실),No,P0,
슬랙 채널 생성,No,Yes,,,[신사업] AI 로켓 그로스 수익화 강의 (https://www.notion.so/AI-2f72dc3ef514808caac9ca6f783ef714?pvs=21),TODO,,2026/02/02,,박진영(교육운영실),No,P0,
작업 내용 안내,No,Yes,,,[신사업] AI 로켓 그로스 수익화 강의 (https://www.notion.so/AI-2f72dc3ef514808caac9ca6f783ef714?pvs=21),TODO,,2026/02/02,,박진영(교육운영실),No,P0,
답변 템플릿 - 소희님과 크로스체크,No,Yes,2026년 2월 5일,,EduOps 튜터  (https://www.notion.so/EduOps-2f62dc3ef51480a2bda5e0668ea7b1ad?pvs=21),TODO,,2026/02/05,"- 마케팅 활용 동의 / NCS 등록 관련 ⇒ 튜터 렐 가이드에 업데이트
- “ EduOps 시스템을 통한 문의가 어려워… “
- 근무 정정 요청 : 튜터 계정으로 증빙자료 및 요청 받고, 참조에 담당 운영매니저님 걸어주세요 
- 튜터 코드 안내 내용 : 최종 합격 메일 하단을 확인해주세요 ",최소연(교육운영실),No,P0,
언리얼 튜터 계약 크로스체크,No,Yes,2026년 1월 30일,,튜터 구인 (https://www.notion.so/2f52dc3ef51480a08d4ee335d3db1d1e?pvs=21),TODO,,2026/01/30,"- 5/6기, 7기, 8기 튜터 명단 전달받아 EduOps 계약 일괄 확인하기",최소연(교육운영실),No,P1,
챕터1 촬영 안내,No,Yes,2026년 1월 31일,,[KDT] 실시간 채팅을 위한 아키텍쳐 설계 (https://www.notion.so/KDT-2f52dc3ef51480398bc5fc9938d3877c?pvs=21),TODO,,2026/02/02,"- 챕터1~3 촬영: 1/31~2/4
- 챕터4 촬영: 2/7~2/9",박진영(교육운영실),No,(진영)날짜,
챕터4 촬영 안내,No,Yes,2026년 2월 16일,,[KDT] 클라우드 기반 백엔드 설계 (https://www.notion.so/KDT-2f52dc3ef51480bd9cfffaf44b9cac06?pvs=21),TODO,,2026/02/04 오후 7:40 (GMT+9),- 챕터4~5 촬영: 2/9~2/15,박진영(교육운영실),No,(진영)날짜,
단기심화 - 승님 나인하이어 세팅,No,Yes,2026년 1월 30일,,튜터 구인 (https://www.notion.so/2f52dc3ef51480a08d4ee335d3db1d1e?pvs=21),TODO,,2026/01/30,"- 단기심화 담당 운영매니저 변경 (수미님 → 승님)
- 운영 매니저 변경",최소연(교육운영실),No,P1,
튜터 2월 정산 안내 필요,No,Yes,,,튜터 문의 대응  (https://www.notion.so/2f52dc3ef5148049b21bdeac5148ff3e?pvs=21),TODO,,2026/01/27,- 기능 추가 가이드와 함께 안내 필요,박소희(교육운영실),No,,
" 책쟁이 슬랙 초대 요청",No,Yes,,,KDC 튜터 구인 (https://www.notion.so/KDC-2f52dc3ef51480d0afcffca986c5c664?pvs=21),TODO,,2026/02/03,,이선진(교육운영실),No,,
슬랙 채널 생성 및 튜터님 초대,No,Yes,,,[KDC] 부업을 부르는 AI PPT 수익화 (https://www.notion.so/KDC-AI-PPT-2f82dc3ef51480f89287f8e0520400ee?pvs=21),TODO,,2026/02/02,,박진영(교육운영실),No,,
강의 제작 안내 (튜터),No,Yes,,,[KDC] 부업을 부르는 AI PPT 수익화 (https://www.notion.so/KDC-AI-PPT-2f82dc3ef51480f89287f8e0520400ee?pvs=21),TODO,,2026/02/02,,박진영(교육운영실),No,(진영)날짜,
디지털 마케팅 / Unreal / 단기심화 하이어링 매니저 지정,No,Yes,2026년 1월 30일,,기존 고성과 튜터 구인 (비용 절감 이탈 대비) (https://www.notion.so/2f52dc3ef514802eb5a7d7e5c030bb81?pvs=21),TODO,,2026/01/30,"- 타팀 채용요청 채널에 공유
- 이상 없을 시 바로 공고 오픈",최소연(교육운영실),No,P0,
내부 풀 튜터 응대,No,Yes,2026년 2월 3일,,AI Campus 튜터 구인 (https://www.notion.so/AI-Campus-2f52dc3ef51480358cbce3f0de0ce878?pvs=21),TODO,,2026/01/29,- 기존 튜터 중 NCS 등록 완료한 튜터 보수교육 이수 안내 → 갓선진이 대신 해주심 ㅠㅠ,최소연(교육운영실),No,P2,
언리얼 합격 안내,No,Yes,2026년 2월 3일,,튜터 구인 (https://www.notion.so/2f52dc3ef51480a08d4ee335d3db1d1e?pvs=21),TODO,,2026/02/02,- 합격 +  4~5월 쯤 다시 연락 드려서 온보딩 도와드릴게요 ! 안내,최소연(교육운영실),No,P0,
[ AI 캠퍼스 ] 1월 5번째 주 합격자 NCS 등록 안내,No,Yes,2026년 1월 30일,,AI Campus 튜터 구인 (https://www.notion.so/AI-Campus-2f52dc3ef51480358cbce3f0de0ce878?pvs=21),TODO,,2026/01/30,- 1/30일 접수하신 한 분 제외 완료,최소연(교육운영실),No,P1,
[미팅] 강의 제작 시스템 Kick-off 미팅록 준비,No,Yes,2026년 2월 4일,,강의제작/관리 프로세스 재정비 (https://www.notion.so/2f52dc3ef51480f9a772e12b7e9d4ba1?pvs=21),TODO,,2026/02/04 오후 7:40 (GMT+9),"→ 이 시스템을 활용해서 어떤 결과로 나오게 하겠다! 내용도 잘 전달되어야할 것 같아요. 
→ 미팅록 준비가 필요할 것 같은데, 한번 먼저 작성해서 공유해주세요 !
ㄴ 꼭 들어가야하는 내용 : 왜 노션을 이렇게 설계하였는지 / 노션에서의 한계점",박진영(교육운영실),No,P0,
편집 문의 답변,No,Yes,,,[신사업] AI 로켓 그로스 수익화 강의 (https://www.notion.so/AI-2f72dc3ef514808caac9ca6f783ef714?pvs=21),TODO,,2026/02/02,,박진영(교육운영실),No,P0,
AI 캠퍼스 튜터 폰스크리닝 - 김다솜,No,Yes,,,AI Campus 튜터 구인 (https://www.notion.so/AI-Campus-2f52dc3ef51480358cbce3f0de0ce878?pvs=21),TODO,,2026/02/03,,이선진(교육운영실),No,,
"AI 캠퍼스 튜터 서류 검토 ",No,Yes,,,AI Campus 튜터 구인 (https://www.notion.so/AI-Campus-2f52dc3ef51480358cbce3f0de0ce878?pvs=21),TODO,,2026/02/05 오후 7:30 (GMT+9),,이선진(교육운영실),No,,
기존 튜터 보수교육 이수 안내,No,Yes,,,AI Campus 튜터 구인 (https://www.notion.so/AI-Campus-2f52dc3ef51480358cbce3f0de0ce878?pvs=21),TODO,,2026/02/04 오후 7:47 (GMT+9),,이선진(교육운영실),No,,
비용 정산 준비,No,Yes,2026년 2월 4일,,튜터 구인 (https://www.notion.so/2f52dc3ef51480a08d4ee335d3db1d1e?pvs=21),TODO,,2026/02/05 오전 8:36 (GMT+9),,박소희(교육운영실),No,P0,
편집/검수 신규 프로세스 공유 (w.소희님),No,Yes,,,편집 검수자 추가 구인 (https://www.notion.so/2f52dc3ef51480269adefa9f63be214e?pvs=21),TODO,,2026/02/02,"온라인 강의 편집/검수 업무 (https://www.notion.so/2e02dc3ef514806cb1e2cbd7755d455a?pvs=21) ",박진영(교육운영실),No,P0,
나인하이어 문의 답변,No,Yes,,,편집 검수자 추가 구인 (https://www.notion.so/2f52dc3ef51480269adefa9f63be214e?pvs=21),TODO,,2026/02/02,,박진영(교육운영실),No,P0,
제작 일정 폼 요청,No,Yes,,,[KDC] 부업을 부르는 AI PPT 수익화 (https://www.notion.so/KDC-AI-PPT-2f82dc3ef51480f89287f8e0520400ee?pvs=21),TODO,,2026/02/02,,박진영(교육운영실),No,P1,
과제 평가,No,Yes,,,편집 검수자 추가 구인 (https://www.notion.so/2f52dc3ef51480269adefa9f63be214e?pvs=21),TODO,,2026/02/03,,박진영(교육운영실),No,P1,
강민준님 서류 준비 후 대응,No,Yes,2026년 2월 4일,,튜터 문의 대응  (https://www.notion.so/2f52dc3ef5148049b21bdeac5148ff3e?pvs=21),TODO,,2026/01/27,"- 사업자 등록 증명원 
mailto:backdpsep@gmail.com 
사업자등록증명 -> 기술사 응시 자격 서류 제출 용도입니다!
해촉증명서는 (2024년2월13일~2025년4월1일 까지 AI 튜터로 활동했다는 경력 관련 문서
2025년12월1일~31일 ai 커리큘럼 제작 업무",박소희(교육운영실),No,,
보수교육 이수 EduOps 공지,No,Yes,2026년 2월 3일,,EduOps 튜터  (https://www.notion.so/EduOps-2f62dc3ef51480a2bda5e0668ea7b1ad?pvs=21),TODO,,2026/02/02,"- [ 근무 일정 확인 ] 메일 등 참고하여 단기심화부터 이동 튜터 대상 근무 안내 메일 나가기로 변경
- 전체 게시판에는 공지 미진행",최소연(교육운영실),No,P0,
이탈대비 전 JD → 보류 풀 이동,No,Yes,2026년 2월 6일,,기존 고성과 튜터 구인 (비용 절감 이탈 대비) (https://www.notion.so/2f52dc3ef514802eb5a7d7e5c030bb81?pvs=21),TODO,,2026/02/03,- 보류 지원자 퍼널 이동,최소연(교육운영실),No,P2,
최종 합격 + NCS 등록 안내,No,Yes,2026년 2월 2일,,AI Campus 튜터 구인 (https://www.notion.so/AI-Campus-2f52dc3ef51480358cbce3f0de0ce878?pvs=21),TODO,,2026/01/28,"- 폰 스크리닝 진행 후 최종 합격 (3명) 완료
- 폰 스크리닝 진행 전 최종 합격 (1명) 완료",최소연(교육운영실),No,P0,
서류 평가,No,Yes,2026년 2월 6일,,AI Campus 튜터 구인 (https://www.notion.so/AI-Campus-2f52dc3ef51480358cbce3f0de0ce878?pvs=21),TODO,,2026/02/05,- 5명,최소연(교육운영실),No,P2,
(14’) 촬영 스튜디오 사용 안내,No,Yes,2026년 2월 6일,,[KDC] 부업을 부르는 AI PPT 수익화 (https://www.notion.so/KDC-AI-PPT-2f82dc3ef51480f89287f8e0520400ee?pvs=21),TODO,,2026/02/04 오후 7:40 (GMT+9),,박진영(교육운영실),No,(진영)날짜,
"노션 페이지 생성 ",No,Yes,,,[KDC] 부업을 부르는 AI PPT 수익화 (https://www.notion.so/KDC-AI-PPT-2f82dc3ef51480f89287f8e0520400ee?pvs=21),TODO,,2026/02/02,,박진영(교육운영실),No,,
단기심화 6회차 F/U,No,Yes,2026년 2월 13일,,튜터 구인 (https://www.notion.so/2f52dc3ef51480a08d4ee335d3db1d1e?pvs=21),TODO,,2026/02/02,"- 수강생 수 확정에 따라 F/U 메일링 : 2/9 개강 이후 이탈 수 파악하여 확정 예정
- 남동현님 메일링 완료",최소연(교육운영실),No,P2,
검수자 채용 마무리,No,Yes,,,편집 검수자 추가 구인 (https://www.notion.so/2f52dc3ef51480269adefa9f63be214e?pvs=21),TODO,,2026/02/02,,박진영(교육운영실),No,P0,
기존 외주자 - 업무 변경 안내,No,Yes,,,편집 검수자 추가 구인 (https://www.notion.so/2f52dc3ef51480269adefa9f63be214e?pvs=21),TODO,,2026/02/03,"편집자 (강태경, 박수빈, 박승원, 유민석, 유하은, 임동섭, 최서윤, 최종균)
검수자 (김지예, 박기태, 박민영, 오준석, 유재성, 조세림)",박진영(교육운영실),No,P0,
이동 튜터 관리 준비,No,No,2026년 2월 13일,,튜터 구인 (https://www.notion.so/2f52dc3ef51480a08d4ee335d3db1d1e?pvs=21),TODO,,2026/02/09,"- EduOps 세팅 → 명확한 ‘ 액션 ‘ 과 함께 공지
- 보수교육 / NCS 와 함께 공지 (2월 2번째 주 중)
[ 튜터님께 요청드릴 사항 ]
- 보수교육 이수
- 계약서 구글 폼
- 기간에 따라 ) 마케팅 활용 동의
[ 안내드릴 사항 ]
- 근무 기간 / 일정 안내
- 기타 운영 매니저님 희망사항",최소연(교육운영실),No,P2,
백오피스 회수 확인 (대량),No,Yes,2026년 2월 6일,,강의제작/관리 프로세스 재정비 (https://www.notion.so/2f52dc3ef51480f9a772e12b7e9d4ba1?pvs=21),TODO,,2026/02/04 오후 7:40 (GMT+9),,박진영(교육운영실),No,P3,
편집/검수자 구인,No,Yes,2026년 2월 6일,,[KDT] 클라우드 기반 백엔드 설계 (https://www.notion.so/KDT-2f52dc3ef51480bd9cfffaf44b9cac06?pvs=21),TODO,,2026/02/04 오후 7:45 (GMT+9),,박진영(교육운영실),No,P1,
수미님께 촬영 팔로업 전달,No,Yes,2026년 2월 6일,,[KDT] 클라우드 기반 백엔드 설계 (https://www.notion.so/KDT-2f52dc3ef51480bd9cfffaf44b9cac06?pvs=21),TODO,,2026/02/04 오후 7:45 (GMT+9),,박진영(교육운영실),No,P1,
강의 제작 시스템 제작 시작,No,Yes,2026년 2월 2일,,강의제작/관리 프로세스 재정비 (https://www.notion.so/2f52dc3ef51480f9a772e12b7e9d4ba1?pvs=21),TODO,,2026/02/04,"강의 제작 시스템 (https://www.notion.so/2fb2dc3ef51480f9bb60e812a34d2fa3?pvs=21) / ",박진영(교육운영실),No,,
강의 제작 시스템 - 목적정의서 작성,No,Yes,,,강의제작/관리 프로세스 재정비 (https://www.notion.so/2f52dc3ef51480f9a772e12b7e9d4ba1?pvs=21),TODO,,2026/02/03,,박진영(교육운영실),No,P0,
강의 제작 시스템 - 범위정의문서 작성,No,Yes,,,강의제작/관리 프로세스 재정비 (https://www.notion.so/2f52dc3ef51480f9a772e12b7e9d4ba1?pvs=21),TODO,,2026/02/03,,박진영(교육운영실),No,P0,
강의 롤아웃,No,Yes,2026년 3월 2일,,[신사업] AI 로켓 그로스 수익화 강의 (https://www.notion.so/AI-2f72dc3ef514808caac9ca6f783ef714?pvs=21),DONE,,2026/02/04 오후 7:40 (GMT+9),(편집)(v3.0) AI 로켓 그로스 수익화 (https://www.notion.so/v3-0-AI-2fb2dc3ef51480cfb1c8ff22736cba00?pvs=21) (강의 지급일: 3/5),박진영(교육운영실),No,(진영)날짜,
강의 롤아웃,No,No,2026년 3월 7일,,[KDC] 부업을 부르는 AI PPT 수익화 (https://www.notion.so/KDC-AI-PPT-2f82dc3ef51480f89287f8e0520400ee?pvs=21),TODO,,2026/02/23 오후 7:39 (GMT+9),(v1.0) 부업을 부르는 AI PPT 수익화 (https://www.notion.so/v1-0-AI-PPT-2fb2dc3ef514807a940af762a4df2213?pvs=21) (강의 지급일: 2/24 or 3/3),박진영(교육운영실),No,(진영)날짜,
주강사/ 보조 강사 추가 질문 작성 및 세팅 → 보조강사도 특강 진행 시 필요 X,Yes,Yes,2026년 2월 6일,,기존 고성과 튜터 구인 (비용 절감 이탈 대비) (https://www.notion.so/2f52dc3ef514802eb5a7d7e5c030bb81?pvs=21),TODO,,2026/02/05 오후 7:31 (GMT+9),,이선진(교육운영실),No,,
18:1 예비 튜터 관련 주희님 체크 필요,No,No,2026년 2월 3일,,튜터 구인 (https://www.notion.so/2f52dc3ef51480a08d4ee335d3db1d1e?pvs=21),TODO,,2026/02/05 오전 8:36 (GMT+9),"- 확인 후 윤주님 전달 
https://teamspartaco.slack.com/archives/C0A7GEKQXEE/p1770029514085799?thread_ts=1770019326.557299&cid=C0A7GEKQXEE",박소희(교육운영실),No,P0,
AI 튜터 폰스크리닝 - 백현숙 / 평가 작성,No,Yes,,,AI Campus 튜터 구인 (https://www.notion.so/AI-Campus-2f52dc3ef51480358cbce3f0de0ce878?pvs=21),TODO,,2026/02/05 오후 7:30 (GMT+9),,이선진(교육운영실),No,,
한효승님 - 강의 제작 튜터 구인 F/U,No,Yes,2026년 2월 3일,,튜터 구인 (https://www.notion.so/2f52dc3ef51480a08d4ee335d3db1d1e?pvs=21),TODO,,2026/02/03,"- EduOps 구인 요청 완료
- 참고 ) 강의 제작 구인 요청 시 강의 명 / 튜터 슬랙 계정 반드시 받기",최소연(교육운영실),No,P0,
"진영님 Figma 작업 ",No,Yes,2026년 2월 6일,,튜터 문의 대응  (https://www.notion.so/2f52dc3ef5148049b21bdeac5148ff3e?pvs=21),TODO,,2026/02/06,"- 튜터 채용 에셋 초대 완료 (편집권한 O)
- 문구 전달 받으면 빠르게 디자인 작업하기",최소연(교육운영실),No,P0,
"챕터2, 3, 5 편집",No,Yes,2026년 2월 3일,,[신사업] AI 로켓 그로스 수익화 강의 (https://www.notion.so/AI-2f72dc3ef514808caac9ca6f783ef714?pvs=21),TODO,,2026/02/04 오후 7:45 (GMT+9),- 챕터5 일정 확인 필요,박진영(교육운영실),No,(진영)날짜,
튜터 구인 프로세스 재정비,No,Yes,2026년 2월 4일,,튜터 구인 (https://www.notion.so/2f52dc3ef51480a08d4ee335d3db1d1e?pvs=21),TODO,,2026/02/03,"- 지원서에서 NCS 등록 여부 확인 
- 서류합격 & 인터뷰 시 NCS 등록 안내
- 인터뷰 합격 시 최종 합격 안내 & NCS 훈련기관 등록을 팀스파르타로 하도록",최소연(교육운영실),No,P1,
목차 설계,No,Yes,2026년 2월 3일,,[KDC] 부업을 부르는 AI PPT 수익화 (https://www.notion.so/KDC-AI-PPT-2f82dc3ef51480f89287f8e0520400ee?pvs=21),TODO,,2026/02/04 오후 7:43 (GMT+9),,박진영(교육운영실),No,(진영)날짜,
편집/검수자 구인,No,Yes,2026년 2월 6일,,[KDC] 부업을 부르는 AI PPT 수익화 (https://www.notion.so/KDC-AI-PPT-2f82dc3ef51480f89287f8e0520400ee?pvs=21),TODO,,2026/02/04 오후 7:41 (GMT+9),,박진영(교육운영실),No,P1,
[BAU] 퍼널 이동 및 안내 메일 발송,No,Yes,2026년 2월 3일,,AI Campus 튜터 구인 (https://www.notion.so/AI-Campus-2f52dc3ef51480358cbce3f0de0ce878?pvs=21),TODO,,2026/02/03,,최소연(교육운영실),No,P0,
편집자 합/불 안내,No,Yes,2026년 2월 4일,,편집 검수자 추가 구인 (https://www.notion.so/2f52dc3ef51480269adefa9f63be214e?pvs=21),TODO,,2026/02/04,,박진영(교육운영실),No,P0,
"Unreal VOD 제작 박경호 튜터 비용 협의 ",No,Yes,,,튜터 구인 (https://www.notion.so/2f52dc3ef51480a08d4ee335d3db1d1e?pvs=21),TODO,,2026/02/05 오후 7:31 (GMT+9),"- 효승님과 크로스 체크 후 진행 예정 
-턴키 200만원으로 협의 (2개 강의 각 10시간 최소분량) (카메라 X)",이선진(교육운영실),No,P0,
Spring 6회차 보수교육 이수증 전달,No,Yes,2026년 2월 3일,,튜터 문의 대응  (https://www.notion.so/2f52dc3ef5148049b21bdeac5148ff3e?pvs=21),TODO,,2026/02/03,"- 2/3까지 주희님께 Spring 6회차 튜터님들 보수교육 이수증 전달
- 남동현 튜터님 제외 모두 O, 예비 튜터님까지",최소연(교육운영실),No,P0,
NCS 등록 가이드 재제작,No,Yes,2026년 2월 10일,,튜터 구인 (https://www.notion.so/2f52dc3ef51480a08d4ee335d3db1d1e?pvs=21),TODO,,2026/02/09,"- 헷갈리는 배치 때문에 문의 너무 많이 들어옴
- 이탈 대비용 단기심화 / 디지털 마케팅 / 언리얼 / c++ 전형 순서에 맞추어 재제작 → 배포
- https://tutorteamsparta.ninehire.site/tutor_ncs_guide",최소연(교육운영실),No,P1,
이동 튜터 관리 + 채용 과정 중 보수교육 이수 / NCS 등록 절차 추가 공지,No,No,2026년 3월 6일,,튜터 구인 (https://www.notion.so/2f52dc3ef51480a08d4ee335d3db1d1e?pvs=21),In Progress,,2026/03/03,"- 기철님과 EduOps 세팅 논의 중 / 시스템 세팅 완료 후 공지
- 디마 / 단기심화 / 언리얼 / 그디 구두 전파 완료",최소연(교육운영실),No,P2,
그래픽디자인 4회차 채용 - 이동 튜터 관리,No,Yes,2026년 2월 4일,,튜터 구인 (https://www.notion.so/2f52dc3ef51480a08d4ee335d3db1d1e?pvs=21),TODO,,2026/02/04,"- 이경민, 서미영, 김여름 튜터님 합류 안내 메일 완료
- 보수교육 이수 + 계약서 폼 발송
- 4회차: 나인하이어 & EduOps 카드 생성 ",최소연(교육운영실),No,P0,
근무 시간 및 TR 인터뷰 일정 조율 메일 작성,No,Yes,2026년 2월 19일,,튜터 비용 절감  (https://www.notion.so/2f52dc3ef5148039b694c882d494bc55?pvs=21),DONE,,2026/02/12 오후 7:02 (GMT+9),,이선진(교육운영실),No,P1,근무 시간 및 TR 인터뷰 일정 조율 메일 작성  (https://www.notion.so/TR-2fc2dc3ef5148052a648ee33761a77db?pvs=21)
원유선 튜터님 계약 관련 확인 후 안내 - 날짜 오류 (날짜가 25년 12월 ~ 25년 4월으로 기재),Yes,Yes,,,튜터 문의 대응  (https://www.notion.so/2f52dc3ef5148049b21bdeac5148ff3e?pvs=21),TODO,,2026/02/05 오후 7:31 (GMT+9),"- AI Campus 자문 계약서 ( 커리큘럼 설계 계약서 확인 필요 )
",이선진(교육운영실),No,,
공고 관리,No,Yes,2026년 2월 5일,,튜터 구인 (https://www.notion.so/2f52dc3ef51480a08d4ee335d3db1d1e?pvs=21),TODO,,2026/02/04,"- 아임웹 + 자문위원 + 학습 멘토링 채용 중단
- 인재 풀 등록 안내 드리기 → 최근 한 달 접수",최소연(교육운영실),No,P0,
단기심화 6회차 추가 튜터 합류,No,Yes,2026년 2월 4일,,튜터 구인 (https://www.notion.so/2f52dc3ef51480a08d4ee335d3db1d1e?pvs=21),TODO,,2026/02/04,"- 최용석 튜터님 합류 안내 메일 완료
- EduOps 계약 생성 완료",최소연(교육운영실),No,P0,
그래픽 디자인 4회차 JD 오픈,No,Yes,2026년 2월 4일,,튜터 구인 (https://www.notion.so/2f52dc3ef51480a08d4ee335d3db1d1e?pvs=21),TODO,,2026/02/04,"- 사람인 / 잡코리아 함께 관리
- 연진님 & 서경님 안내 완료",최소연(교육운영실),No,P0,
AI 캠퍼스 추가 채널 F/U,No,No,2026년 2월 20일,,튜터 구인 (https://www.notion.so/2f52dc3ef51480a08d4ee335d3db1d1e?pvs=21),TODO,,2026/02/09,- https://docs.google.com/spreadsheets/d/1zYX8KmkWASyR9LZXZfQl57DzJFBqS3E0663mpUvk2sk/edit?gid=0#gid=0,최소연(교육운영실),No,P3,
강의 제작 시스템 / 프로세스 정의서 작성,No,Yes,2026년 2월 4일,,강의제작/관리 프로세스 재정비 (https://www.notion.so/2f52dc3ef51480f9a772e12b7e9d4ba1?pvs=21),TODO,,2026/02/04,,박진영(교육운영실),No,P0,
"그래픽디자인 이동 튜터 F/U ",No,No,2026년 3월 6일,,튜터 구인 (https://www.notion.so/2f52dc3ef51480a08d4ee335d3db1d1e?pvs=21),In Progress,,2026/03/03,"- 박명수 / 이도후 튜터님 : 근무 일정 공유 받으면 바로 메일링
[ 제안 필요 ]
• 2회차 > 4회차 이동 희망 튜터 
    ◦ 호범, 6/10~7/29, 09:00 - 21:00 (제안) 
    ◦ 이황, 6/10~7/29, 09:00 - 21:00 (제안) 
    ◦ 손은영, 3/31~7/29, 09:00 - 21:00 (제안) 
    ◦ 김현주, 3/31~7/29, 16:00 - 21:00 (제안) 
    ◦ 오슬기, 5/8~7/29, 09:00 - 13:00 (제안) 
    ◦ 장정현, 5/8~7/29, 14:00 - 21:00 (제안) 
• 2회차 > 3회차 이동 희망 튜터 
    ◦ 이황, 4/3 ~5/26, 09:00 - 21:00 (제안) (3회차 종강 후 4회차 이동) 
    ◦ 호범, 4/3~5/26, 09:00 - 21:00 (제안) (3회차 종강 후 4회차 이동)",최소연(교육운영실),No,P1,
강의 제작 시스템 / MVP 기능 정의,No,Yes,2026년 2월 4일,,강의제작/관리 프로세스 재정비 (https://www.notion.so/2f52dc3ef51480f9a772e12b7e9d4ba1?pvs=21),TODO,,2026/02/04,,박진영(교육운영실),No,P0,
(16’) 강의 제작 협업 기준 논의,No,Yes,2026년 2월 5일,,강의제작/관리 프로세스 재정비 (https://www.notion.so/2f52dc3ef51480f9a772e12b7e9d4ba1?pvs=21),TODO,,2026/02/04,"w. 어진님, 수미님, 지민님",박진영(교육운영실),No,(진영)날짜,
강의 제작 시스템 / 정책 문서 작성,No,Yes,2026년 2월 5일,,강의제작/관리 프로세스 재정비 (https://www.notion.so/2f52dc3ef51480f9a772e12b7e9d4ba1?pvs=21),TODO,,2026/02/04,,박진영(교육운영실),No,P0,
강의 제작 협업 기준 미팅록 작성,No,Yes,2026년 2월 4일,,강의제작/관리 프로세스 재정비 (https://www.notion.so/2f52dc3ef51480f9a772e12b7e9d4ba1?pvs=21),TODO,,2026/02/04,,박진영(교육운영실),No,P1,
강의 제작 시스템 / 상태값 목록 작성,No,Yes,2026년 2월 5일,,강의제작/관리 프로세스 재정비 (https://www.notion.so/2f52dc3ef51480f9a772e12b7e9d4ba1?pvs=21),TODO,,2026/02/04,,박진영(교육운영실),No,P0,
인재 풀 - 서류 평가 / 태그 작성,No,Yes,2026년 2월 13일,,튜터 구인 (https://www.notion.so/2f52dc3ef51480a08d4ee335d3db1d1e?pvs=21),TODO,,2026/02/12,"- 튜터 풀 등록 서류 검토 & 태그 작성
- 바로 이탈 대비 / 고성과 채용에 반영",최소연(교육운영실),No,P0,
⭐ 재직자 부트캠프 - MSA 아키텍쳐 3회차 커리어 세션 튜터 내부 풀 찾아보기,No,Yes,2026년 2월 5일,,KDC 튜터 구인 (https://www.notion.so/KDC-2f52dc3ef51480d0afcffca986c5c664?pvs=21),TODO,,2026/02/06,"- 2/9 ~ 13  소싱 / 내부 풀 흝기 
- 지혜님 검토 요청",최소연(교육운영실),No,P0,
유재성님 개선 의견 답변,No,Yes,2026년 2월 4일,온라인 강의 편집/검수 프로세스 개편 (https://www.notion.so/2f42dc3ef51480a18fdaef618e5f64fe?pvs=21),편집 검수자 추가 구인 (https://www.notion.so/2f52dc3ef51480269adefa9f63be214e?pvs=21),TODO,,2026/02/04,,박진영(교육운영실),No,P1,
"강의 제작 시스템 / MVP, 후속 우선순위 정의",No,Yes,2026년 2월 5일,"제작 관리를 위한 요청, 제작 일정 산정 현황판 구축- 업무/일정 별 제작 채널 알림 자동화(노션, 슬랙) (https://www.notion.so/2f02dc3ef51480ea8de0cd470fadfa08?pvs=21)",강의제작/관리 프로세스 재정비 (https://www.notion.so/2f52dc3ef51480f9a772e12b7e9d4ba1?pvs=21),TODO,,2026/02/04,,박진영(교육운영실),No,P0,
AI 튜터 폰스크리닝 - 이혜준 17:30,No,Yes,,,AI Campus 튜터 구인 (https://www.notion.so/AI-Campus-2f52dc3ef51480358cbce3f0de0ce878?pvs=21),TODO,,2026/02/05,,이선진(교육운영실),No,,
"커리어데이 계약 팔로업 ",Yes,Yes,,,튜터 구인 (https://www.notion.so/2f52dc3ef51480a08d4ee335d3db1d1e?pvs=21),TODO,,2026/02/09,"- 검토 지연 메일 발송옴 
- 2/09 계약 진행 필요",이선진(교육운영실),No,,
"교육 운영 매니저 survey 요청 ",No,Yes,2026년 2월 6일,,튜터 비용 절감  (https://www.notion.so/2f52dc3ef5148039b694c882d494bc55?pvs=21),DONE,,2026/02/06,"-수미님, 초희님, 서원님, 수인님",이선진(교육운영실),No,P0,교육운영매니저님 서베이 요청 (https://www.notion.so/2fc2dc3ef514802b9097d626546fe5a3?pvs=21)
편집/검수 채널 초대 및 업무 안내,No,Yes,2026년 2월 6일,온라인 강의 편집/검수 프로세스 개편 (https://www.notion.so/2f42dc3ef51480a18fdaef618e5f64fe?pvs=21),편집 검수자 추가 구인 (https://www.notion.so/2f52dc3ef51480269adefa9f63be214e?pvs=21),TODO,,2026/02/05,- 가이드 정독 / 계약은 설 연휴 이후 진행,박진영(교육운영실),No,P0,
촬영 일정 산정,No,Yes,2026년 2월 5일,기한 내 커리큘럼 설계 및 교안 제작 달성율 / 100%  (https://www.notion.so/100-2f02dc3ef51480d78509f5dff818e4b2?pvs=21),[KDT] Unreal C / C++ (https://www.notion.so/KDT-Unreal-C-C-2fe2dc3ef5148049a5f3e5a421f05369?pvs=21),TODO,,2026/02/05,,박진영(교육운영실),No,P2,
⭐ 재직자 부트캠프 - MSA 아키텍쳐 3회차 커리어 세션 JD 작성,No,Yes,2026년 2월 5일,,KDC 튜터 구인 (https://www.notion.so/KDC-2f52dc3ef51480d0afcffca986c5c664?pvs=21),TODO,,2026/02/05,"- 나인하이어 공고 생성
- 준상님 인터뷰 요청",최소연(교육운영실),No,P0,
튜터 톡 채널에 형섭님 초대,No,Yes,2026년 2월 5일,,EduOps 튜터  (https://www.notion.so/EduOps-2f62dc3ef51480a2bda5e0668ea7b1ad?pvs=21),TODO,,2026/02/05,- 나는 못 함… 소희님께 요청 완료…,최소연(교육운영실),No,P1,
"이탈 방지 : 운영 매니저님 리마인드 진행 ",No,Yes,2026년 2월 5일,,튜터 구인 (https://www.notion.so/2f52dc3ef51480a08d4ee335d3db1d1e?pvs=21),TODO,,2026/02/05,,최소연(교육운영실),No,P0,
언리얼 / C++ 9회차 구인으로 공고 기간 수정,No,Yes,2026년 2월 5일,,튜터 구인 (https://www.notion.so/2f52dc3ef51480a08d4ee335d3db1d1e?pvs=21),TODO,,2026/02/05,"- 4월 중 개강으로 변경 (홈페이지, 사람인, 게임잡)",최소연(교육운영실),No,P0,
디지털 마케팅 / 단기심화 JD 순서 변경하기,No,Yes,2026년 2월 13일,,튜터 구인 (https://www.notion.so/2f52dc3ef51480a08d4ee335d3db1d1e?pvs=21),TODO,,2026/02/06,"- 디지털 마케팅 / 단기심화 JD 배치 수정
- 홈페이지 / 사람인",최소연(교육운영실),No,P2,
촬영 스튜디오 방문 안내,No,Yes,2026년 2월 6일,기한 내 커리큘럼 설계 및 교안 제작 달성율 / 100%  (https://www.notion.so/100-2f02dc3ef51480d78509f5dff818e4b2?pvs=21),[KDC] 부업을 부르는 AI PPT 수익화 (https://www.notion.so/KDC-AI-PPT-2f82dc3ef51480f89287f8e0520400ee?pvs=21),TODO,,2026/02/05,,박진영(교육운영실),No,P0,
튜터 톡 템플릿 공지,No,Yes,2026년 2월 5일,,EduOps 튜터  (https://www.notion.so/EduOps-2f62dc3ef51480a2bda5e0668ea7b1ad?pvs=21),TODO,,2026/02/05,- 템플릿 수정 후 바로 공지 전달,최소연(교육운영실),No,P0,
1월 활동 튜터 정산,No,Yes,,,비용 정산 (https://www.notion.so/2fe2dc3ef514804da524ce1df1b81d29?pvs=21),TODO,,2026/02/05,,박소희(교육운영실),No,,
1월 편집/검수 비용 정산,No,Yes,2026년 2월 6일,,비용 정산 (https://www.notion.so/2fe2dc3ef514804da524ce1df1b81d29?pvs=21),TODO,,2026/02/05,"- 금요일 오후 5시까지 인건비 시트 작성 필요 ",박진영(교육운영실),No,P1,
"(11’) AX 교육팀, 스튜디오 안내",No,Yes,2026년 2월 6일,,교육 방송국 세팅 (https://www.notion.so/2f52dc3ef51480f381d6ef6bc552820b?pvs=21),TODO,,2026/02/05,,박진영(교육운영실),No,(진영)날짜,
튜터 렐 인턴 가이드 보충,No,Yes,2026년 2월 13일,,EduOps 튜터  (https://www.notion.so/EduOps-2f62dc3ef51480a2bda5e0668ea7b1ad?pvs=21),TODO,,2026/02/10,"- NCS 등록 과정 맥락 / 유의사항 추가하기
- 🍀Tutor Rel 인턴 가이드🍀 (https://www.notion.so/Tutor-Rel-2372dc3ef51480849e42c46550a569fa?pvs=21) ",최소연(교육운영실),No,P2,
MSA 커리어 세션 링크드인 소싱,No,Yes,,,튜터 구인 (https://www.notion.so/2f52dc3ef51480a08d4ee335d3db1d1e?pvs=21),TODO,,2026/02/12 오후 7:02 (GMT+9),,이선진(교육운영실),No,,
"신규 폰 스크리닝 / 서류 합격자 응대 ",No,Yes,2026년 2월 6일,,AI Campus 튜터 구인 (https://www.notion.so/AI-Campus-2f52dc3ef51480358cbce3f0de0ce878?pvs=21),TODO,,2026/02/06,- 예약 메일링까지 모두 완료,최소연(교육운영실),No,P1,
지민님 나인하이어 다운로드,No,Yes,2026년 2월 6일,,튜터 구인 (https://www.notion.so/2f52dc3ef51480a08d4ee335d3db1d1e?pvs=21),TODO,,2026/02/06,,최소연(교육운영실),No,P1,
언리얼 메일링,No,Yes,2026년 2월 9일,,튜터 구인 (https://www.notion.so/2f52dc3ef51480a08d4ee335d3db1d1e?pvs=21),TODO,,2026/02/09,- 서원님 평가 완료 후 → 2/10 발송되게 예약 메일 걸기 : 중복지원 채광수님,최소연(교육운영실),No,P1,
언리얼 네이버 카페 업로드,No,Yes,2026년 2월 6일,,기존 고성과 튜터 구인 (비용 절감 이탈 대비) (https://www.notion.so/2f52dc3ef514802eb5a7d7e5c030bb81?pvs=21),TODO,,2026/02/06,- https://docs.google.com/spreadsheets/d/15XwV4HxcD5DEnZIxBKz63jEg5BquGO6kC6rQVxymvkA/edit?gid=0#gid=0,최소연(교육운영실),No,P0,
재직자 부트캠프 - MSA 아키텍처 F/U 하여 2/13 이내 인터뷰 조율,No,Yes,2026년 2월 13일,,KDC 튜터 구인 (https://www.notion.so/KDC-2f52dc3ef51480d0afcffca986c5c664?pvs=21),TODO,,2026/02/10,⭐ 2/9 ~ 선진님 소싱,최소연(교육운영실),No,P0,
JD 테스트,No,Yes,2026년 2월 9일,,튜터 구인 (https://www.notion.so/2f52dc3ef51480a08d4ee335d3db1d1e?pvs=21),TODO,,2026/02/09,"-⭐ 튜터 렐 인턴 가이드 ) 스크롤 분석 세팅하기
- 단기심화, 그디 VS 언리얼, C++, 디마 세팅
→ 2/9 아직 데이터가 안 쌓여서 유의미한 확인 불가능. 
→ 그리고 모든 정보를 다 읽네.. 노션으로 정리해서 Non - BAU 회의때 공유 드리기 !",최소연(교육운영실),No,P1,
K-contents JD 초안 작성,No,Yes,2026년 2월 13일,,고성과 신규 수주 대비 튜터 구인  (https://www.notion.so/2f52dc3ef51480fa89b5df87ba0a4808?pvs=21),TODO,,2026/02/11,"- 고성과 미팅 진행 후 JD 작성 (2/11 미팅 진행, 2/12 공고 완성)
- JD 완성 → 소희님 크로스체크 후 오픈",최소연(교육운영실),No,P0,
보수교육 오픈 여부 확인,No,Yes,2026년 2월 20일,,AI Campus NCS 등록 현황 확인 & 문의대응 (https://www.notion.so/AI-Campus-NCS-2f62dc3ef51480abac6ef0c6abbe9007?pvs=21),TODO,,2026/02/20,"- 정원 상 모든 보수교육 마감 (지역 집체 교육 제외)
- 매일 추가 오픈된 기관 있는지 F/U → #보수교육안내필요 태그 튜터님께 안내
- https://hrdi.koreatech.ac.kr/?m1=page&menu_id=70&page=1&attributeList=3%2C23%2C34%2C45%2C55%2C62",최소연(교육운영실),No,P0,
[ BAU ] 평가 리마인드 / 퍼널 관리,No,Yes,2026년 2월 6일,,튜터 구인 (https://www.notion.so/2f52dc3ef51480a08d4ee335d3db1d1e?pvs=21),TODO,,2026/02/06,"- 단기심화, 디마, 언리얼, C++ 
- AI ",최소연(교육운영실),No,P0,
디지털 마케팅 합격자 응대,No,Yes,2026년 2월 10일,,튜터 구인 (https://www.notion.so/2f52dc3ef51480a08d4ee335d3db1d1e?pvs=21),TODO,,2026/02/10,- 포트폴리오 요청 / NCS 강사 등록 안내,최소연(교육운영실),No,P1,
UXUI / Unity / 게임 기획 / K-contents JD 디벨롭,No,Yes,2026년 2월 13일,,고성과 신규 수주 대비 튜터 구인  (https://www.notion.so/2f52dc3ef51480fa89b5df87ba0a4808?pvs=21),TODO,,2026/02/11,"- 2/11 미팅 이후 ~ 2/12 까지 완성
- 2/13 소희 님 검토 이후 바로 오픈",최소연(교육운영실),No,P1,
❤️‍🔥 [ BAU ] NCS 등록 + 보수교육 현황 확인,No,No,2026년 3월 6일,,AI Campus NCS 등록 현황 확인 & 문의대응 (https://www.notion.so/AI-Campus-NCS-2f62dc3ef51480abac6ef0c6abbe9007?pvs=21),In Progress,,2026/03/03,"26. 03. 02. 
- NCS 등록 + 보수교육 완료 ( 이규석님 포함 ) : 32명
- 보수교육 이수 대기 : 11명 [ 현재 모집 완료되어 이수 불가능 → 3/3 이후 안내 필요 ] 
- NCS 심사 대기 중 : 9명
- NCS 신청 진행 중 : 11명
- 서류 : 7명
  • 체킹 필요 : 보수교육 - 유경훈, 조성문",최소연(교육운영실),No,P0,
[ BAU ] 퍼널 관리,No,No,2026년 3월 6일,,AI Campus 튜터 구인 (https://www.notion.so/AI-Campus-2f52dc3ef51480358cbce3f0de0ce878?pvs=21),DONE,,2026/03/05,"  • 모든 퍼널 확인 후 누락된 내용 없는지 검토",최소연(교육운영실),No,P0,
"[ BAU ] 이탈 방지 모집 F/U ",No,Yes,2026년 2월 13일,,튜터 구인 (https://www.notion.so/2f52dc3ef51480a08d4ee335d3db1d1e?pvs=21),TODO,,2026/02/11,"- 리마인드 & 절차 안내 완료
- 그래픽디자인 / 단기심화 수요일까지 서류 검토 완료
→ 2/12 확인 후 자리에서 리마인드 드리기",최소연(교육운영실),No,P0,
코드코호트 정산 금액 및 세금계산서 발행 요청,No,Yes,,,튜터 문의 대응  (https://www.notion.so/2f52dc3ef5148049b21bdeac5148ff3e?pvs=21),TODO,,2026/02/09,,이선진(교육운영실),No,,
신한결 튜터 아웃보딩 메일 발송,No,Yes,,,튜터 문의 대응  (https://www.notion.so/2f52dc3ef5148049b21bdeac5148ff3e?pvs=21),TODO,,2026/02/10,-법인 → 3월 초 입금 예정으로 안내 완료 → 추후 아웃보딩 시 주희님 안내 필요,이선진(교육운영실),No,,
MSA 커리어 세션 JD 수정,No,Yes,,,튜터 구인 (https://www.notion.so/2f52dc3ef51480a08d4ee335d3db1d1e?pvs=21),TODO,,2026/02/09,,이선진(교육운영실),No,,
커리어데이 모두싸인 계약서 발송 필요,No,Yes,,,튜터 구인 (https://www.notion.so/2f52dc3ef51480a08d4ee335d3db1d1e?pvs=21),TODO,,2026/02/09,,이선진(교육운영실),No,,
공고 스크롤 트래킹 세팅,No,Yes,2026년 2월 12일,,튜터 구인 (https://www.notion.so/2f52dc3ef51480a08d4ee335d3db1d1e?pvs=21),TODO,,2026/02/11,"- GA4, Clarity 세팅 / 팀스파르타 IP 차단",최소연(교육운영실),No,P1,
책쟁이님 계약 파기로 인해 신규 튜터 채용 필요,No,Yes,2026년 2월 13일,,KDC 튜터 구인 (https://www.notion.so/KDC-2f52dc3ef51480d0afcffca986c5c664?pvs=21),TODO,,2026/02/12 오후 7:03 (GMT+9),"-장표공방님 재컨택 (보류)
-하공이님 대면미팅 어레인지 완료 12일 (목) 11:30
-강여경님 제안 수락 관련하여 진행 여부 응수님 확인  → 논의 후 업데이트 메일 발송 → 설연휴 이후 거절 메일 발송 필요",이선진(교육운영실),No,P0,
코드코호트 1월 근무 내역서 발송,No,Yes,,,튜터 문의 대응  (https://www.notion.so/2f52dc3ef5148049b21bdeac5148ff3e?pvs=21),TODO,,2026/02/09,-실근무 내역 확인 후 전달,이선진(교육운영실),No,,
서미영 튜터님 지급 계좌 변경 건,No,Yes,2026년 2월 10일,,튜터 문의 대응  (https://www.notion.so/2f52dc3ef5148049b21bdeac5148ff3e?pvs=21),TODO,,2026/02/10,,최소연(교육운영실),No,P0,
,No,No,,,튜터 문의 대응  (https://www.notion.so/2f52dc3ef5148049b21bdeac5148ff3e?pvs=21),TODO,,2026/02/05,,이선진(교육운영실),No,,
강성훈님 위촉 증명서 발급 건,No,Yes,2026년 2월 10일,,튜터 문의 대응  (https://www.notion.so/2f52dc3ef5148049b21bdeac5148ff3e?pvs=21),TODO,,2026/02/10,,최소연(교육운영실),No,P0,
류영표 폰스크리닝 10:30,No,Yes,,,AI Campus 튜터 구인 (https://www.notion.so/AI-Campus-2f52dc3ef51480358cbce3f0de0ce878?pvs=21),TODO,,2026/02/10,,이선진(교육운영실),No,,
콘텐츠 마케터를 위한 AI 디자인 기초 질의응답 튜터,No,Yes,2026년 2월 13일,,KDC 튜터 구인 (https://www.notion.so/KDC-2f52dc3ef51480d0afcffca986c5c664?pvs=21),TODO,,2026/02/13,"- 준상님께 구인 정보 구체화 요청드리기
- 나인하이어 퍼널 세팅하기
- 준상님 답변 바탕으로 EduOps 세팅 / 내부풀 모으기 
- 디.마 / 그.디 보류 풀에 계신 분들 확인",최소연(교육운영실),No,P0,
실시간 스프링 커머스 - 지원님 확인 후 이동 튜터 관리,No,Yes,2026년 2월 10일,,튜터 구인 (https://www.notion.so/2f52dc3ef51480a08d4ee335d3db1d1e?pvs=21),TODO,,2026/02/10,"- 기존 튜터님들 이동 여부 확인 → 메일링
• 확정 튜터님 : 김기용 튜터님 → 합류 메일 발송
    ◦ 근무 기간 : 2026. 3. 9 ~ 2026. 8. 27
    ◦ 풀 타임 : 9:00 ~ 21:00 
• 확인 필요 튜터님 : 황원욱, 박성원 튜터님
    ◦ 기간 내 풀 타임 가능 여부 확인 후 최종 선발",최소연(교육운영실),No,P0,
PPT 부업화 커리어데이 공고 업로드,No,Yes,,,KDC 튜터 구인 (https://www.notion.so/KDC-2f52dc3ef51480d0afcffca986c5c664?pvs=21),TODO,,2026/02/10,,이선진(교육운영실),No,,
내부 풀 이동준님 (AI 캠퍼스 제안 메일 발송),No,Yes,,,튜터 구인 (https://www.notion.so/2f52dc3ef51480a08d4ee335d3db1d1e?pvs=21),TODO,,2026/02/10,"-인터뷰 어레인지 완료 ",이선진(교육운영실),No,,
"AI 캠퍼스 서류 평가 ",No,Yes,2026년 2월 13일,,AI Campus 튜터 구인 (https://www.notion.so/AI-Campus-2f52dc3ef51480358cbce3f0de0ce878?pvs=21),TODO,,2026/02/10,,이선진(교육운영실),No,,
튜터 모닝 공지 배너 제작,No,Yes,2026년 2월 10일,,EduOps 튜터  (https://www.notion.so/EduOps-2f62dc3ef51480a2bda5e0668ea7b1ad?pvs=21),TODO,,2026/02/10,- 문의 게시판 이용 독려용,최소연(교육운영실),No,P0,
HRD -  Net 등록 신청,No,Yes,2026년 2월 13일,,AI Campus NCS 등록 현황 확인 & 문의대응 (https://www.notion.so/AI-Campus-NCS-2f62dc3ef51480abac6ef0c6abbe9007?pvs=21),TODO,,2026/02/10,- 공용 인증서부터 재발급 → https://www.notion.so/16e2dc3ef514804c935ddcef0945d970?pvs=21,최소연(교육운영실),No,P1,
튜터 모닝 공지 발송,No,Yes,2026년 2월 11일,,EduOps 튜터  (https://www.notion.so/EduOps-2f62dc3ef51480a2bda5e0668ea7b1ad?pvs=21),TODO,,2026/02/11,- 2/11부터 아침 공지 : 한 두번 보내고 ~ 얼마나 감소하는지 보자.,최소연(교육운영실),No,P0,
노하은님 정산 관련 문의 대응,No,Yes,,,튜터 문의 대응  (https://www.notion.so/2f52dc3ef5148049b21bdeac5148ff3e?pvs=21),TODO,,2026/02/10,3월 10일에 지급하는 걸로 합의 완료,이선진(교육운영실),No,,
합격 이력서 포트폴리오 제출 이벤트 - 튜터 전체방 업로드,No,Yes,2026년 2월 11일,,튜터 문의 대응  (https://www.notion.so/2f52dc3ef5148049b21bdeac5148ff3e?pvs=21),TODO,,2026/02/10,,"이선진(교육운영실), 최소연(교육운영실)",No,P0,
하공이 PPT 카카오톡 연락,No,Yes,2026년 2월 11일,,KDC 튜터 구인 (https://www.notion.so/KDC-2f52dc3ef51480d0afcffca986c5c664?pvs=21),TODO,,2026/02/11,- 한 시간 당 100만원으로 바로 안내,최소연(교육운영실),No,P0,
이동준님 합격 여부 확인 후 메일 발송,No,Yes,,,튜터 구인 (https://www.notion.so/2f52dc3ef51480a08d4ee335d3db1d1e?pvs=21),TODO,,2026/02/12 오후 7:02 (GMT+9),"-준상님 이동준님 합격 여부 확인 필요
-설연휴 이후 자료 제작 및 논의가 시작될 예정이라는 멘션",이선진(교육운영실),No,,
튜터 명단 리스트 업,No,Yes,2026년 3월 6일,,EduOps 튜터  (https://www.notion.so/EduOps-2f62dc3ef51480a2bda5e0668ea7b1ad?pvs=21),DONE,,2026/03/03,"- 이동 / 병행 튜터 ALL 
  • 보수교육 안내 전 필수 (~2/27일까지 완료)
- https://docs.google.com/spreadsheets/d/1bjtnaZxpCi5rHwlfqd8IrKVo_-LMh5zdUX1AaESzl1E/edit?gid=1098915416#gid=1098915416 작성 완료
- 단심 / 디마 / 실시간커머스 / PM / QAQC 필요",최소연(교육운영실),No,P1,
채한승님 정산 문의 대응,No,Yes,,,튜터 문의 대응  (https://www.notion.so/2f52dc3ef5148049b21bdeac5148ff3e?pvs=21),TODO,,2026/02/12,,이선진(교육운영실),No,,
훈련기관 등록 / 보수교육 이수 가이드 재제작,No,No,2026년 3월 6일,,튜터 구인 (https://www.notion.so/2f52dc3ef51480a08d4ee335d3db1d1e?pvs=21),일정,,2026/03/03,- https://tutorteamsparta.ninehire.site/tutor_training_guide,최소연(교육운영실),No,P1,
권하경 (하경이)님 마케팅 정보 요청 및 계약/슬랙 채널 초대 팔로업,No,Yes,,,KDC 튜터 구인 (https://www.notion.so/KDC-2f52dc3ef51480d0afcffca986c5c664?pvs=21),TODO,,2026/02/13,,이선진(교육운영실),No,,
QAQC 이동 튜터 F/U,No,Yes,2026년 2월 27일,,튜터 구인 (https://www.notion.so/2f52dc3ef51480a08d4ee335d3db1d1e?pvs=21),DONE,,2026/02/24,"- QAQC 담당 : 정예진 / 박승완 님 (2/20 이내 전달 예정)
- 메일 발송 / EduOps 계약 생성 
• 임영재 : 09:00 ~ 21:00
• 정강민 : 09:00 ~ 18:00
• 신재춘 : 
    ◦ 03/09 ~ 03/31 : 14:00~18:00 근무
    ◦ 04/01 ~ 05/06 : 19:00~21:00 근무
    ◦ 05/07 ~ 08/10 : 09:00~21:00 근무
  •구글 폼 작성 안내 완료 + 3월 보수교육 이수 필요(정강민)",최소연(교육운영실),No,P0,
AI 디자인 기초 질의응답 튜터 - 인터뷰 조율,No,Yes,2026년 2월 27일,,KDC 튜터 구인 (https://www.notion.so/KDC-2f52dc3ef51480d0afcffca986c5c664?pvs=21),TODO,,2026/02/20,"~3월 3일까지 구인 완료
- 준상님 서류 평가
- 김효선님 제안 메일 발송
[ F/U 필요 ]
  • 김효선님 제안 불발 시 라서현님 > 김여름님 인터뷰 조율",최소연(교육운영실),No,P0,
(14’) 튜터렐 주간회의,No,Yes,2026년 2월 19일,,,TODO,,2026/02/19,,박진영(교육운영실),No,(진영)날짜,
(15’) 튜터렐 파트 AX 과제 및 엠버서더 선정,No,Yes,2026년 2월 19일,,,TODO,,2026/02/19,,박진영(교육운영실),No,(진영)날짜,
(16’) 강의 제작 프로세스 회고,No,Yes,2026년 2월 19일,,[KDT] 실시간 채팅을 위한 아키텍쳐 설계 (https://www.notion.so/KDT-2f52dc3ef51480398bc5fc9938d3877c?pvs=21),TODO,,2026/02/19,"강의 제작 프로세스 회고 미팅 (https://www.notion.so/30c2dc3ef51480fba414d6bed95b99f5?pvs=21) ",박진영(교육운영실),No,(진영)날짜,
강의 롤아웃,No,No,2026년 4월 3일,기한 내 커리큘럼 설계 및 교안 제작 달성율 / 100%  (https://www.notion.so/100-2f02dc3ef51480d78509f5dff818e4b2?pvs=21),[KDT] Unreal C / C++ (https://www.notion.so/KDT-Unreal-C-C-2fe2dc3ef5148049a5f3e5a421f05369?pvs=21),TODO,,2026/02/19,(v1.0) 스파르타 C언어 (https://www.notion.so/v1-0-C-2fc2dc3ef51481a28ca6f2a536625613?pvs=21) / (v1.0) 스파르타 C++ (https://www.notion.so/v1-0-C-2fc2dc3ef51481768cbdf5247b075592?pvs=21)  (강의 지급일: 4/10),박진영(교육운영실),No,(진영)날짜,
촬영 진행 현황 팔로업,No,Yes,2026년 2월 19일,기한 내 커리큘럼 설계 및 교안 제작 달성율 / 100%  (https://www.notion.so/100-2f02dc3ef51480d78509f5dff818e4b2?pvs=21),[KDT] Unreal C / C++ (https://www.notion.so/KDT-Unreal-C-C-2fe2dc3ef5148049a5f3e5a421f05369?pvs=21),TODO,,2026/02/19,,박진영(교육운영실),No,P1,
편집/검수 구인,No,Yes,2026년 2월 20일,기한 내 커리큘럼 설계 및 교안 제작 달성율 / 100%  (https://www.notion.so/100-2f02dc3ef51480d78509f5dff818e4b2?pvs=21),[KDT] Unreal C / C++ (https://www.notion.so/KDT-Unreal-C-C-2fe2dc3ef5148049a5f3e5a421f05369?pvs=21),TODO,,2026/02/19,,박진영(교육운영실),No,P1,
편집/검수 가이드 페이지 수정,No,Yes,2026년 2월 20일,온라인 강의 편집/검수 프로세스 개편 (https://www.notion.so/2f42dc3ef51480a18fdaef618e5f64fe?pvs=21),편집 검수자 추가 구인 (https://www.notion.so/2f52dc3ef51480269adefa9f63be214e?pvs=21),TODO,,2026/02/19,"[팀스파르타] 온라인 강의 편집/검수 가이드 (https://www.notion.so/2fe2dc3ef51480dda39dd6a909d6c6ef?pvs=21) ",박진영(교육운영실),No,P0,
편집/검수 구인 마무리,No,Yes,2026년 2월 19일,온라인 강의 편집/검수 프로세스 개편 (https://www.notion.so/2f42dc3ef51480a18fdaef618e5f64fe?pvs=21),편집 검수자 추가 구인 (https://www.notion.so/2f52dc3ef51480269adefa9f63be214e?pvs=21),TODO,,2026/02/19,,박진영(교육운영실),No,P0,
촬영 현황 팔로업,No,Yes,2026년 2월 19일,기한 내 커리큘럼 설계 및 교안 제작 달성율 / 100%  (https://www.notion.so/100-2f02dc3ef51480d78509f5dff818e4b2?pvs=21),[KDT] 클라우드 기반 백엔드 설계 (https://www.notion.so/KDT-2f52dc3ef51480bd9cfffaf44b9cac06?pvs=21),TODO,,2026/02/19,,박진영(교육운영실),No,P1,
MSA  특강 이동준 슬랙 초대 요청,No,Yes,,,튜터 구인 (https://www.notion.so/2f52dc3ef51480a08d4ee335d3db1d1e?pvs=21),TODO,,2026/02/19,,이선진(교육운영실),No,,
PPT  부업 가능 하공이님  F/U,No,Yes,2026년 2월 20일,,KDC 튜터 구인 (https://www.notion.so/KDC-2f52dc3ef51480d0afcffca986c5c664?pvs=21),TODO,,2026/02/19,-수강생한테 전하는 400자 ( 설 연휴 이후 전달 예정),이선진(교육운영실),No,P1,
강여경님 거절 메일 발송,No,Yes,2026년 2월 23일,,KDC 튜터 구인 (https://www.notion.so/KDC-2f52dc3ef51480d0afcffca986c5c664?pvs=21),DONE,,2026/02/19,-ppt 후보자 (미팅 X); 튜터 선정 완료 → 거절 메일 발송 필요,이선진(교육운영실),No,P1,
디지털 마케팅 4기 추가 구인,No,No,2026년 2월 27일,,튜터 구인 (https://www.notion.so/2f52dc3ef51480a08d4ee335d3db1d1e?pvs=21),In Progress,,2026/03/03,- 퍼포먼스 / 그로스 분야 마케터 + 2.1명 필요,"최소연(교육운영실), 이선진(교육운영실)",No,P1,
PM 이동 튜터 F/U,No,Yes,2026년 2월 19일,,튜터 구인 (https://www.notion.so/2f52dc3ef51480a08d4ee335d3db1d1e?pvs=21),TODO,,2026/02/19,"- PM 담당 : 김보은 / 최지호 님
- 7명 이동 확정
- 메일 발송 / EduOps 계약 생성",최소연(교육운영실),No,P0,
"박성원 튜터 특강 교안에 대한 계약서 송부 필요 ",Yes,Yes,2026년 2월 27일,,비용 정산 (https://www.notion.so/2fe2dc3ef514804da524ce1df1b81d29?pvs=21),TODO,,2026/02/19,"https://teamspartaco.slack.com/archives/C06E30SRUAC/p1770347771547759?thread_ts=1768359858.550339&cid=C06E30SRUAC
박성원 (실시간 커머스 1회차 튜터)
-특강 교안 제작에 대한 계약서 작성 필요 (4시간 분량 시간당 10만원) (1월 28일 제작 완료)
-2월 3일 특강 진행; 2월 근무 분에 포함되어 3월 10일 지급 예정으로 안내
→ 2월 중 계약서 발송 필요","이선진(교육운영실), 박소희(교육운영실)",No,P2,
편집/검수 안내,No,Yes,2026년 2월 20일,기한 내 커리큘럼 설계 및 교안 제작 달성율 / 100%  (https://www.notion.so/100-2f02dc3ef51480d78509f5dff818e4b2?pvs=21),[KDT] 클라우드 기반 백엔드 설계 (https://www.notion.so/KDT-2f52dc3ef51480bd9cfffaf44b9cac06?pvs=21),TODO,,2026/02/19,,박진영(교육운영실),No,P1,
"아웃보딩 관련 정리 후 공유 ",No,No,2026년 2월 27일,,EduOps 튜터  (https://www.notion.so/EduOps-2f62dc3ef51480a2bda5e0668ea7b1ad?pvs=21),TODO,,2026/02/23,"  • 아웃보딩 시트 
  • EduOps 내 고용형태 정리 ( 아웃보딩 이후 어떻게 진행하는지 )",박소희(교육운영실),No,P2,
단기심화 이동 튜터 F/U,No,No,2026년 3월 6일,,튜터 구인 (https://www.notion.so/2f52dc3ef51480a08d4ee335d3db1d1e?pvs=21),In Progress,,2026/02/26,"  • 2/24 성원 / 원욱 튜터님 문의 답변
  • 2/26 성원 튜터님 합류 안내 / 원욱 튜터님 안내 지연 메일
  • 3/6 금요일까지 ~ 성원 튜터님 합류 여부 F/U",최소연(교육운영실),No,P1,
고성과 JD 분리,No,Yes,2026년 2월 19일,,고성과 신규 수주 대비 튜터 구인  (https://www.notion.so/2f52dc3ef51480fa89b5df87ba0a4808?pvs=21),TODO,,2026/02/19,"  • 게임 개발 & 게임 기획 / 디자인 & 콘텐츠 로 JD 분리","이선진(교육운영실), 최소연(교육운영실)",No,P0,
고성과 JD 홍보 채널 서칭 → 업로드,No,Yes,2026년 2월 27일,,고성과 신규 수주 대비 튜터 구인  (https://www.notion.so/2f52dc3ef51480fa89b5df87ba0a4808?pvs=21),TODO,,2026/02/20,"  • 구인 목표 : (기본) 트랙 당 5명 이상 + 다다익선
  • 커뮤니티/카페 등 홍보 채널 https://docs.google.com/spreadsheets/d/1Q9e5yxE-Np3dNDv_nRljn0HouuoCN4oz-g5bBCekgPg/edit?gid=1517304805#gid=1517304805 → 게시
  • 게임 기획 / Unity 개발 5 곳 완료 
  • 미디어 콘텐츠 / 디자인 5곳 완료 ",최소연(교육운영실),No,P0,
고성과 채용 절차 보충,Yes,No,2026년 2월 27일,,고성과 신규 수주 대비 튜터 구인  (https://www.notion.so/2f52dc3ef51480fa89b5df87ba0a4808?pvs=21),In Progress,,2026/02/23,"  • 서류 → 과제 (해당 분야에 맞는 경력 기술서 st. / 약력 + 튜터 강점 100자 이내) & 증빙서류 → 합격 안내 → NCS 등록
  • 경력 기술서 st. 제출 방식 공유 후 도입
  • 초안 → 디벨롭 하기 (소희님 워딩 수정 예정)",최소연(교육운영실),No,P0,
스승의날 아이데이션,No,Yes,2026년 3월 4일,,2026 스승의날 (https://www.notion.so/2026-3132dc3ef51480cfa106e49f05499cac?pvs=21),DONE,,2026/03/03,"  • 인원 수, 굿즈 (선물), 예산 필요
  • 아이템 고민/ 레퍼런스 조사
  • 잠재력을 깨우다","최소연(교육운영실), 박진영(교육운영실)",No,P2,
EduOps 시스템 개선 요청,No,Yes,2026년 2월 20일,,EduOps 튜터  (https://www.notion.so/EduOps-2f62dc3ef51480a2bda5e0668ea7b1ad?pvs=21),TODO,,2026/02/19,"- 기철님과 논의 필요) EduOps 상세 구인 마감일 지정 / 예비 튜터 란 생성
(1). 1차 확정 : 개강 d-7 (구인 요청 시 더 여유롭게)
(2). 2차 확정 : 개강 d+7 
(3). 합격자 튜터 명단 + 예비 튜터 명단 동시 표기",최소연(교육운영실),No,P0,
"일정 선택 메일 송부 ",No,Yes,2026년 2월 20일,,튜터 비용 절감  (https://www.notion.so/2f52dc3ef5148039b694c882d494bc55?pvs=21),DONE,,2026/02/20,"  • 선진님 메일 작성 완료
  • 참여 의사 여부 확인 & 수락 + 일정 선택 / 고민 / 거절 경우의 메일 (마이너 수정 필요)
 • 20일 오후 2시 일괄 발송 (나인하이어 세팅- 트랙 별 퍼널 관리) 
","박소희(교육운영실), 이선진(교육운영실)",No,P0,
"(설득) 키메시지 공유 → 서영님, 윤서님",No,Yes,2026년 2월 20일,,튜터 비용 절감  (https://www.notion.so/2f52dc3ef5148039b694c882d494bc55?pvs=21),DONE,,2026/02/20,"  • 한명 설득 할 수 있는지  / 담임 튜터 (핵심 튜터 시급 유지 여부) 
  • 마케팅만 없고, 나머지는 다 있음 (언리얼, 단기심화)
  • 은비님 피드백 바탕으로 방향성 수정",박소희(교육운영실),No,P0,튜터 비용 절감 진행 (최종안) (https://www.notion.so/2fc2dc3ef51480ceac80f28f02d55b83?pvs=21)
튜터 정산 관련 소득 유형(개인/법인) 변경 및 확인 안내 공지 등록,No,Yes,2026년 2월 27일,,튜터 문의 대응  (https://www.notion.so/2f52dc3ef5148049b21bdeac5148ff3e?pvs=21),DONE,,2026/02/27,"-월초 정산 공지에도 정산 절차 
1번) 본인 소득 유형 확인하게 추가","이선진(교육운영실), 최소연(교육운영실)",No,P1,
EduOps 시스템 개강일 세분화 관련 튜터 렐 재논의,No,Yes,2026년 2월 27일,,EduOps 튜터  (https://www.notion.so/EduOps-2f62dc3ef51480a2bda5e0668ea7b1ad?pvs=21),DONE,,2026/02/24,"  •  1차 마감일 / 2차 마감일 지정
  • (18:1 비율 적용에 따른) 구인 마감 일정 세분화 설정
    ◦ 1차 마감일 : 개강 D-7
    ◦ 2차 마감일 : 개강 D+7
  • 칸반 보드 내 마감일 중복 설정 시 - 데이터 혼선으로 인해 오히려 전체적인 현황 파악이 어려워지고 관리 비효율이 발생할 수 있음
    ◦ 내부 운영 정책으로 마감일 기준을 확정하고, 운영 팀과 공유하여 구인 요청 단계부터 정확한 기한을 설정하도록 프로세스 개선 
    ◦ 1차 마감일로부터 D+14를 적용하여 2차 마감일을 자동 산출하는 방식 등 다른 대안 고민",최소연(교육운영실),No,P1,
"ARAXRLab 이영호 대표 미팅 어레인지 ",No,No,2026년 2월 26일,,튜터 구인 (https://www.notion.so/2f52dc3ef51480a08d4ee335d3db1d1e?pvs=21),TODO,,2026/02/19,"이름: 이영호
회사: ARAXRLab
직책: XR Tech Evangelist
휴대폰번호: 010-9439-6396
이메일: youngho@araxrlab.com

-언리얼 비용 협의 이후 미팅 어레인지 ",이선진(교육운영실),No,P2,
디지털 마케팅 이동 튜터 F/U,No,Yes,2026년 2월 20일,,튜터 구인 (https://www.notion.so/2f52dc3ef51480a08d4ee335d3db1d1e?pvs=21),TODO,,2026/02/19,"- 메일 발송 / EduOps 계약 생성
• 김선우T : 9-21 
• 문혜진T : 14-21
• 최고은T : 9-18",최소연(교육운영실),No,P0,
고성과 JD - 사람인 / 잡코리아 HTML 수정 + 공고 정리,No,Yes,2026년 2월 20일,,고성과 신규 수주 대비 튜터 구인  (https://www.notion.so/2f52dc3ef51480fa89b5df87ba0a4808?pvs=21),TODO,,2026/02/20,,최소연(교육운영실),No,P0,
AI 캠퍼스 튜터 명단 트랙킹 시트 F/U,No,No,2026년 3월 6일,,AI Campus NCS 등록 현황 확인 & 문의대응 (https://www.notion.so/AI-Campus-NCS-2f62dc3ef51480abac6ef0c6abbe9007?pvs=21),일정,,2026/03/03,"  •  2/23 : 설 연휴 이후 ~ 2월 진행된 상황 업데이트 반영",최소연(교육운영실),No,P1,
PPT 실무 스킬업 하공이님 제안,No,Yes,2026년 2월 20일,,KDC 튜터 구인 (https://www.notion.so/KDC-2f52dc3ef51480d0afcffca986c5c664?pvs=21),TODO,,2026/02/20,"  1) 하공이 
  2) 장미미",이선진(교육운영실),No,P0,
"PPT 사냥꾼 컴플라이언스 자문 ",No,Yes,2026년 2월 20일,,튜터 문의 대응  (https://www.notion.so/2f52dc3ef5148049b21bdeac5148ff3e?pvs=21),TODO,,2026/02/20,,박소희(교육운영실),No,,
PPT 사냥꾼 메일 회신 답변 정리,No,No,2026년 2월 23일,,튜터 문의 대응  (https://www.notion.so/2f52dc3ef5148049b21bdeac5148ff3e?pvs=21),TODO,,2026/02/23,,박소희(교육운영실),No,,
PPT 사냥꾼 컨택,No,No,2026년 2월 23일,,튜터 문의 대응  (https://www.notion.so/2f52dc3ef5148049b21bdeac5148ff3e?pvs=21),TODO,,2026/02/23,,박소희(교육운영실),No,,
(11’30) 응수님 방학 인수인계,No,Yes,2026년 2월 20일,,,TODO,,2026/02/20,,박진영(교육운영실),No,(진영)날짜,
(16’) 1on1,No,Yes,2026년 2월 20일,,,TODO,,2026/02/20,,박진영(교육운영실),No,(진영)날짜,
촬영 운영 페이지 일정 최신화,No,Yes,2026년 2월 20일,"제작 관리를 위한 요청, 제작 일정 산정 현황판 구축- 업무/일정 별 제작 채널 알림 자동화(노션, 슬랙) (https://www.notion.so/2f02dc3ef51480ea8de0cd470fadfa08?pvs=21)",강의제작/관리 프로세스 재정비 (https://www.notion.so/2f52dc3ef51480f9a772e12b7e9d4ba1?pvs=21),TODO,,2026/02/20,,박진영(교육운영실),No,P0,
데이터 이해와 AI 기반 성과 분석 오류 사항 확인 및 튜터 요청,No,Yes,2026년 2월 20일,,,TODO,,2026/02/20,,박진영(교육운영실),No,P0,
교안 - 콘텐츠 DB 이동 및 공유,No,Yes,2026년 2월 20일,기한 내 커리큘럼 설계 및 교안 제작 달성율 / 100%  (https://www.notion.so/100-2f02dc3ef51480d78509f5dff818e4b2?pvs=21),[KDT] Unreal C / C++ (https://www.notion.so/KDT-Unreal-C-C-2fe2dc3ef5148049a5f3e5a421f05369?pvs=21),TODO,,2026/02/20,,박진영(교육운영실),No,P1,
구글 드라이브 / 백오피스 생성,No,Yes,2026년 2월 20일,기한 내 커리큘럼 설계 및 교안 제작 달성율 / 100%  (https://www.notion.so/100-2f02dc3ef51480d78509f5dff818e4b2?pvs=21),[KDT] Unreal C / C++ (https://www.notion.so/KDT-Unreal-C-C-2fe2dc3ef5148049a5f3e5a421f05369?pvs=21),TODO,,2026/02/20,,박진영(교육운영실),No,P0,
아웃보딩 메일 발송 (그래픽 디자인),No,Yes,2026년 2월 20일,,튜터 문의 대응  (https://www.notion.so/2f52dc3ef5148049b21bdeac5148ff3e?pvs=21),TODO,,2026/02/20,"  • 이정민 튜터 / 개인 사정 (그래픽 디자인)",최소연(교육운영실),No,P0,
2/27 ** 아웃보딩 메일 발송 (PM),No,Yes,2026년 2월 26일,,튜터 문의 대응  (https://www.notion.so/2f52dc3ef5148049b21bdeac5148ff3e?pvs=21),DONE,,2026/02/27,"  • 2/27일 발송 필요
  • 소민경 튜터 / 결혼 준비 (PM) (2월 26일 종료)",최소연(교육운영실),No,P1,
2/27 ** 아웃보딩 메일 발송 (단기심화 - 트랙 종료),No,Yes,2026년 2월 26일,,튜터 문의 대응  (https://www.notion.so/2f52dc3ef5148049b21bdeac5148ff3e?pvs=21),DONE,,2026/02/27,"  • 2월 26일 Kotlin 9회차 회차 종료 : 2월 27일 발송 필요",최소연(교육운영실),No,P1,
하공이님 PPT 스킬업 강의 제작 비용 협의,No,No,2026년 2월 20일,,KDC 튜터 구인 (https://www.notion.so/KDC-2f52dc3ef51480d0afcffca986c5c664?pvs=21),TODO,,2026/02/20,,이선진(교육운영실),No,P0,
AI 디자인 기초 질의응답 튜터 F/U,No,Yes,2026년 2월 27일,,KDC 튜터 구인 (https://www.notion.so/KDC-2f52dc3ef51480d0afcffca986c5c664?pvs=21),DONE,,2026/02/25,"  • 김효선 님 합격 : 합격 안내 + 슬랙 채널 초대 필요 (준상님 확인 중)",최소연(교육운영실),No,P0,
불합격 / 합격 안내 (MSA),No,Yes,2026년 2월 24일,,튜터 구인 (https://www.notion.so/2f52dc3ef51480a08d4ee335d3db1d1e?pvs=21),DONE,,2026/02/24,"  • 팀스파르타 훈련기관 등록 + 튜터 활동 안내 → 오퍼레터로 대체
  • 불합격 안내 메일링 필요 → 오퍼레터로 대체",최소연(교육운영실),No,P0,
고성과 JD 홍보 / 세걸님 F/U,No,No,2026년 3월 13일,,고성과 신규 수주 대비 튜터 구인  (https://www.notion.so/2f52dc3ef51480fa89b5df87ba0a4808?pvs=21),In Progress,,2026/03/04,"  • 추가 채널 찾기 & 공고 홍보 : https://docs.google.com/spreadsheets/u/2/d/1Q9e5yxE-Np3dNDv_nRljn0HouuoCN4oz-g5bBCekgPg/edit?gid=1517304805#gid=1517304805
  • 3/4 ~ 세걸님 진행. F/U 필요",최소연(교육운영실),No,P1,
AI 캠퍼스 서류 평가,No,No,,,AI Campus 튜터 구인 (https://www.notion.so/AI-Campus-2f52dc3ef51480358cbce3f0de0ce878?pvs=21),TODO,,2026/02/23,,이선진(교육운영실),No,P1,
하공이 (권하영) PPT 실무 강의 비용 재협의,Yes,No,2026년 2월 26일,,KDC 튜터 구인 (https://www.notion.so/KDC-2f52dc3ef51480d0afcffca986c5c664?pvs=21),TODO,,2026/02/23,"1안) 계약금 700만원 + 매출 10% 수익쉐어 (기간 협의 가능)

2안) 계약금 1,300만원 (수익쉐어 없음)

3안) 최소보장 500만원 + 매출 20% 수익쉐어 (기간 한정-협의)
",이선진(교육운영실),No,P0,
편검 계약서 요청,No,Yes,2026년 2월 23일,기한 내 커리큘럼 설계 및 교안 제작 달성율 / 100%  (https://www.notion.so/100-2f02dc3ef51480d78509f5dff818e4b2?pvs=21),[KDT] Unreal C / C++ (https://www.notion.so/KDT-Unreal-C-C-2fe2dc3ef5148049a5f3e5a421f05369?pvs=21),DONE,,2026/02/23,,박진영(교육운영실),No,P0,
편검 계약서 요청,No,Yes,2026년 2월 23일,기한 내 커리큘럼 설계 및 교안 제작 달성율 / 100%  (https://www.notion.so/100-2f02dc3ef51480d78509f5dff818e4b2?pvs=21),[KDT] 클라우드 기반 백엔드 설계 (https://www.notion.so/KDT-2f52dc3ef51480bd9cfffaf44b9cac06?pvs=21),DONE,,2026/02/23,,박진영(교육운영실),No,P0,
응수님 인수인계 관련,No,Yes,2026년 2월 22일,,,DONE,,2026/02/23,,박진영(교육운영실),No,P2,
강의 제작 시스템 후속 과정 논의,No,Yes,2026년 2월 23일,"제작 관리를 위한 요청, 제작 일정 산정 현황판 구축- 업무/일정 별 제작 채널 알림 자동화(노션, 슬랙) (https://www.notion.so/2f02dc3ef51480ea8de0cd470fadfa08?pvs=21)",강의제작/관리 프로세스 재정비 (https://www.notion.so/2f52dc3ef51480f9a772e12b7e9d4ba1?pvs=21),DONE,,2026/02/23,,박진영(교육운영실),No,P0,
챕터 회고 KPT 작성,No,Yes,2026년 2월 24일,,,DONE,,2026/02/23,,박진영(교육운영실),No,(진영)날짜,
4주차 촬영 업로드 확인 및 편집 안내,No,Yes,2026년 2월 24일,기한 내 커리큘럼 설계 및 교안 제작 달성율 / 100%  (https://www.notion.so/100-2f02dc3ef51480d78509f5dff818e4b2?pvs=21),[신사업] AI 숏폼 올인원 수익화 (https://www.notion.so/AI-3102dc3ef51480f9a185debddb1596aa?pvs=21),DONE,,2026/02/23,,박진영(교육운영실),No,P0,
"MSA 단기심화 
• https://app.ninehire.com/FLKMwL24/recruitment/3bd8bb10-fc09-11f0-aa48-cfa99e9b1ba1/applicants 
    ◦ 3.8 시급으로 오퍼레터 송부 후 반응 확인  (서면 진행)",No,Yes,2026년 2월 23일,,기존 고성과 튜터 구인 (비용 절감 이탈 대비) (https://www.notion.so/2f52dc3ef514802eb5a7d7e5c030bb81?pvs=21),DONE,,2026/02/23,"송부 전 소희님 컨펌 必
-수락 X → 비용 조정 요청; 16시 통화 예정",이선진(교육운영실),No,P0,
스크립트 수정 필요 (Q&A 형식으로),No,Yes,2026년 2월 23일,,튜터 비용 절감  (https://www.notion.so/2f52dc3ef5148039b694c882d494bc55?pvs=21),DONE,,2026/02/23,"스크립트 별도 페이지 생성
• 키메시지 
• 강조 포인트
• Do & Don't 상단 고정
• 2번, 3번 합본 요약 본 + Q&A로 준비하기",이선진(교육운영실),No,P0,
소연님 절차 템플릿 수정,No,No,,,고성과 신규 수주 대비 튜터 구인  (https://www.notion.so/2f52dc3ef51480fa89b5df87ba0a4808?pvs=21),TODO,,2026/02/23,-지원서 항목과 유사한 내용 수정,이선진(교육운영실),No,,
교육운영팀 대상 공지,No,Yes,2026년 2월 24일,,튜터 비용 절감  (https://www.notion.so/2f52dc3ef5148039b694c882d494bc55?pvs=21),DONE,,2026/02/24,"  • 문의 대응 답변 관련 안내",박소희(교육운영실),No,P0,
⭐ 캘린더 연결,No,Yes,2026년 2월 24일,,튜터 구인 (https://www.notion.so/2f52dc3ef51480a08d4ee335d3db1d1e?pvs=21),DONE,,2026/02/24,"  • 나인하이어 채용 공고 + 콘텐츠팀 인터뷰 캘린더 연결 (진행 중 all)",최소연(교육운영실),No,P0,
소득유형 변경 메일링,No,Yes,2026년 2월 24일,,튜터 문의 대응  (https://www.notion.so/2f52dc3ef5148049b21bdeac5148ff3e?pvs=21),DONE,,2026/02/24,"  • 2건",최소연(교육운영실),No,P0,
오류제보 확인,No,Yes,2026년 2월 24일,,,DONE,,2026/02/24,,박진영(교육운영실),No,P0,
"Spring 심화주차 교안 수정 확인 (최원빈 튜터) ",No,Yes,2026년 2월 26일,,,DONE,,2026/02/24,,박진영(교육운영실),No,P1,
"세걸님 SOS ",No,Yes,2026년 2월 25일,,고성과 신규 수주 대비 튜터 구인  (https://www.notion.so/2f52dc3ef51480fa89b5df87ba0a4808?pvs=21),DONE,,2026/02/25,"  • 고성과 채널 홍보/3월 초
  • 3월 13일쯤부터 바쁠 수 있음 + 이번주 안으로 답변 예정",최소연(교육운영실),No,P1,
"❤️‍🔥 [ BAU ] 퍼널 관리 ",No,No,2026년 3월 6일,,기존 고성과 튜터 구인 (비용 절감 이탈 대비) (https://www.notion.so/2f52dc3ef514802eb5a7d7e5c030bb81?pvs=21),TODO,,2026/03/05,"  • 언리얼
  • MSA
  • 디지털마케팅
  • 고성과 - 게임 개발 / 기획
  • 고성과 - 디자인 / 콘텐츠",최소연(교육운영실),No,P0,
HRD-Net 로그인 확인,No,Yes,2026년 2월 25일,,AI Campus NCS 등록 현황 확인 & 문의대응 (https://www.notion.so/AI-Campus-NCS-2f62dc3ef51480abac6ef0c6abbe9007?pvs=21),DONE,,2026/02/25,,최소연(교육운영실),No,P1,
K-contents 교강사,No,Yes,2026년 2월 25일,,고성과 신규 수주 대비 튜터 구인  (https://www.notion.so/2f52dc3ef51480fa89b5df87ba0a4808?pvs=21),DONE,,2026/02/25,"  • 한효승님 추천인 질문",최소연(교육운영실),No,P0,
강의 VOD 유지보수 소통,No,Yes,2026년 2월 27일,,튜터 구인 (https://www.notion.so/2f52dc3ef51480a08d4ee335d3db1d1e?pvs=21),DONE,,2026/02/25,"  • 박혜원 튜터님 : 11/28 제작 완료
  • 진영님과 슬랙으로 소통
  • 메일 송부 → 문자로 리마인드
  • 내부적으로 확인하니까 기존 슬랙 계정 ~~ 여기 채널 있으니까 확인 부탁해용",최소연(교육운영실),No,P0,
실시간 강의 편집 요청 및 팔로업 (3주차),No,Yes,2026년 2월 25일,기한 내 커리큘럼 설계 및 교안 제작 달성율 / 100%  (https://www.notion.so/100-2f02dc3ef51480d78509f5dff818e4b2?pvs=21),[신사업] AI 숏폼 올인원 수익화 (https://www.notion.so/AI-3102dc3ef51480f9a185debddb1596aa?pvs=21),DONE,,2026/02/25,,박진영(교육운영실),No,P1,
2월 편집/검수 정산,No,Yes,2026년 2월 25일,기타 - 비용 정산 (https://www.notion.so/2fe2dc3ef51480e79d7ff7f0af5a8e1a?pvs=21),비용 정산 (https://www.notion.so/2fe2dc3ef514804da524ce1df1b81d29?pvs=21),DONE,,2026/02/25,,박진영(교육운영실),No,P0,
촬영/편집/검수 팔로업,No,No,2026년 3월 5일,기한 내 커리큘럼 설계 및 교안 제작 달성율 / 100%  (https://www.notion.so/100-2f02dc3ef51480d78509f5dff818e4b2?pvs=21),[KDT] Unreal C / C++ (https://www.notion.so/KDT-Unreal-C-C-2fe2dc3ef5148049a5f3e5a421f05369?pvs=21),TODO,,2026/02/25,,박진영(교육운영실),No,P0,
촬영/편집/검수 팔로업,No,Yes,2026년 3월 4일,기한 내 커리큘럼 설계 및 교안 제작 달성율 / 100%  (https://www.notion.so/100-2f02dc3ef51480d78509f5dff818e4b2?pvs=21),[KDT] 클라우드 기반 백엔드 설계 (https://www.notion.so/KDT-2f52dc3ef51480bd9cfffaf44b9cac06?pvs=21),DONE,,2026/02/25,,박진영(교육운영실),No,P0,
챕터 4-3 음향개선 요청 (울림),No,Yes,2026년 2월 25일,기한 내 커리큘럼 설계 및 교안 제작 달성율 / 100%  (https://www.notion.so/100-2f02dc3ef51480d78509f5dff818e4b2?pvs=21),[KDT] 클라우드 기반 백엔드 설계 (https://www.notion.so/KDT-2f52dc3ef51480bd9cfffaf44b9cac06?pvs=21),DONE,,2026/02/25,,박진영(교육운영실),No,P0,
영상 FPS 기준 수정,No,Yes,2026년 2월 26일,"제작 관리를 위한 요청, 제작 일정 산정 현황판 구축- 업무/일정 별 제작 채널 알림 자동화(노션, 슬랙) (https://www.notion.so/2f02dc3ef51480ea8de0cd470fadfa08?pvs=21)",온라인 강의 촬영 관리 개선 (https://www.notion.so/3132dc3ef5148048982fe5a30380d1f6?pvs=21),DONE,,2026/02/25,,박진영(교육운영실),No,P2,
C++ 외주자 구인,No,Yes,2026년 2월 25일,기한 내 커리큘럼 설계 및 교안 제작 달성율 / 100%  (https://www.notion.so/100-2f02dc3ef51480d78509f5dff818e4b2?pvs=21),[KDT] Unreal C / C++ (https://www.notion.so/KDT-Unreal-C-C-2fe2dc3ef5148049a5f3e5a421f05369?pvs=21),DONE,,2026/02/25,,박진영(교육운영실),No,P1,
채종훈님 오퍼레터 관련 업데이트 메일 송부,No,No,2026년 2월 26일,,기존 고성과 튜터 구인 (비용 절감 이탈 대비) (https://www.notion.so/2f52dc3ef514802eb5a7d7e5c030bb81?pvs=21),TODO,,2026/02/25,,이선진(교육운영실),No,,
기존 튜터 뻐꾸기,No,No,2026년 3월 6일,,고성과 신규 수주 대비 튜터 구인  (https://www.notion.so/2f52dc3ef51480fa89b5df87ba0a4808?pvs=21),일정,,2026/03/03,"  • Unity 게임 개발 / 기획 트랙
  • UXUI → 서경님께 확인
  • 그래픽 → 연진님께 확인",최소연(교육운영실),No,P1,
강의 수정 확인 요청 안내,No,Yes,2026년 2월 25일,,튜터 문의 대응  (https://www.notion.so/2f52dc3ef5148049b21bdeac5148ff3e?pvs=21),DONE,,2026/02/25,"  • 최원빈 튜터님",최소연(교육운영실),No,P0,
추가활동 (특강 관련) 문의 아카이브,No,No,,,튜터 비용 절감  (https://www.notion.so/2f52dc3ef5148039b694c882d494bc55?pvs=21),TODO,,,,"박소희(교육운영실), 이선진(교육운영실)",No,,
2차 컨택 준비,No,No,,,튜터 비용 절감  (https://www.notion.so/2f52dc3ef5148039b694c882d494bc55?pvs=21),TODO,,2026/02/26,,"박소희(교육운영실), 이선진(교육운영실)",No,P0,
2월 편집/검수 정산 안내,No,Yes,2026년 2월 26일,기타 - 비용 정산 (https://www.notion.so/2fe2dc3ef51480e79d7ff7f0af5a8e1a?pvs=21),비용 정산 (https://www.notion.so/2fe2dc3ef514804da524ce1df1b81d29?pvs=21),DONE,,2026/02/26,,박진영(교육운영실),No,P1,
박해원 튜터님 컨택,No,Yes,2026년 2월 27일,기한 내 커리큘럼 설계 및 교안 제작 달성율 / 100%  (https://www.notion.so/100-2f02dc3ef51480d78509f5dff818e4b2?pvs=21),[KDT] 데이터 이해와 AI 기반 성과 분석 (https://www.notion.so/KDT-AI-3132dc3ef51480c98312ce5cd2244ec2?pvs=21),DONE,,2026/02/26,,박진영(교육운영실),No,P0,
김하연 튜터 계약 관련 유선 추가 안내,No,No,2026년 2월 26일,,튜터 문의 대응  (https://www.notion.so/2f52dc3ef5148049b21bdeac5148ff3e?pvs=21),TODO,,2026/02/26,,이선진(교육운영실),No,P0,
EduOps 카드 생성,No,Yes,2026년 2월 26일,,고성과 신규 수주 대비 튜터 구인  (https://www.notion.so/2f52dc3ef51480fa89b5df87ba0a4808?pvs=21),DONE,,2026/02/26,"  • 18:1 유지되게",최소연(교육운영실),No,P0,
신규 JD 작성,No,No,2026년 3월 13일,,고성과 신규 수주 대비 튜터 구인  (https://www.notion.so/2f52dc3ef51480fa89b5df87ba0a4808?pvs=21),일정,,2026/03/11,"  • 3/11 신규 트랙 3개 전달 예정",최소연(교육운영실),No,P1,
튜터 명단 대시보드 한 판,No,No,2026년 3월 6일,,EduOps 튜터  (https://www.notion.so/EduOps-2f62dc3ef51480a2bda5e0668ea7b1ad?pvs=21),In Progress,,2026/03/04,"  • 그래픽디자이너와 같이 시기 다른 경우 해결 방안 논의
  • EduOps - 트랙별 튜터 명단 대시보드 (한 판) (https://www.notion.so/EduOps-3132dc3ef51481d2896fd530f0ccdb75?pvs=21) ",최소연(교육운영실),No,P0,
2차 컨택 메일 발송,No,No,2026년 2월 26일,,튜터 비용 절감  (https://www.notion.so/2f52dc3ef5148039b694c882d494bc55?pvs=21),TODO,,2026/02/26,,이선진(교육운영실),No,,
WBS 일정 작성,No,Yes,2026년 2월 26일,"제작 관리를 위한 요청, 제작 일정 산정 현황판 구축- 업무/일정 별 제작 채널 알림 자동화(노션, 슬랙) (https://www.notion.so/2f02dc3ef51480ea8de0cd470fadfa08?pvs=21)",강의제작/관리 프로세스 재정비 (https://www.notion.so/2f52dc3ef51480f9a772e12b7e9d4ba1?pvs=21),DONE,,2026/02/26,,박진영(교육운영실),No,P0,
스튜디오 의무화 정책 설계,No,No,2026년 3월 4일,"제작 관리를 위한 요청, 제작 일정 산정 현황판 구축- 업무/일정 별 제작 채널 알림 자동화(노션, 슬랙) (https://www.notion.so/2f02dc3ef51480ea8de0cd470fadfa08?pvs=21)",온라인 강의 촬영 관리 개선 (https://www.notion.so/3132dc3ef5148048982fe5a30380d1f6?pvs=21),TODO,,2026/02/26,스크립트 작성 의무화 & 카메라 ON/OFF 안내,박진영(교육운영실),No,,
[ BAU ] 주간회의 전 - 채용 리포트 발행 (EduOps),No,No,2026년 3월 6일,,튜터 구인 (https://www.notion.so/2f52dc3ef51480a08d4ee335d3db1d1e?pvs=21),TODO,,2026/03/04,,최소연(교육운영실),No,P2,
스튜디오 물품 구매,No,No,2026년 3월 7일,,"교육 방송국 세팅 (https://www.notion.so/2f52dc3ef51480f381d6ef6bc552820b?pvs=21), 온라인 강의 촬영 관리 개선 (https://www.notion.so/3132dc3ef5148048982fe5a30380d1f6?pvs=21)",TODO,,2026/02/26,,박진영(교육운영실),No,,
스승의 날 기획 메시지 수립,No,Yes,2026년 3월 4일,,2026 스승의날 (https://www.notion.so/2026-3132dc3ef51480cfa106e49f05499cac?pvs=21),DONE,,2026/03/03,"260304 키메시지 논의 (https://www.notion.so/260304-3192dc3ef5148063853dc80516368ce3?pvs=21) ","박진영(교육운영실), 최소연(교육운영실)",No,P1,
[ 📢 튜터 공지 ] 비용 지급 공지 (*근무 내역 확인 리마인드!),No,Yes,2026년 2월 27일,,EduOps 튜터  (https://www.notion.so/EduOps-2f62dc3ef51480a2bda5e0668ea7b1ad?pvs=21),DONE,,2026/02/26,"  • 매 월 말마다 EduOps 공지 진행
  • 소득 유형 확인 안내 포함",최소연(교육운영실),No,P0,
김휘수 검수자 계약 발송 확인,No,Yes,2026년 2월 27일,,[KDT] Unreal C / C++ (https://www.notion.so/KDT-Unreal-C-C-2fe2dc3ef5148049a5f3e5a421f05369?pvs=21),DONE,,2026/02/26,"  • 3/3까지 발송 및 계약 필요
  • 다원님께 문의 완료",박진영(교육운영실),No,P1,
강의 롤아웃,No,No,2026년 3월 20일,기한 내 커리큘럼 설계 및 교안 제작 달성율 / 100%  (https://www.notion.so/100-2f02dc3ef51480d78509f5dff818e4b2?pvs=21),[KDT] 데이터 이해와 AI 기반 성과 분석 (https://www.notion.so/KDT-AI-3132dc3ef51480c98312ce5cd2244ec2?pvs=21),TODO,,2026/03/20,(v1.3) 데이터 이해와 AI 기반 성과 분석 (https://www.notion.so/v1-3-AI-3132dc3ef5148066bfdde3307cde816f?pvs=21) (강의 지급일: 3/30),박진영(교육운영실),No,(진영)날짜,
오디오 개선본 확인,No,Yes,2026년 2월 27일,,[KDT] 클라우드 기반 백엔드 설계 (https://www.notion.so/KDT-2f52dc3ef51480bd9cfffaf44b9cac06?pvs=21),DONE,,,울림 현상이 있어 개선 작업을 거쳤는데 울림통이 더 커져서 온 아이러니…,박진영(교육운영실),No,P2,
추천 보상금 컨택 (4월 입금 필요),No,No,2026년 3월 6일,,EduOps 튜터  (https://www.notion.so/EduOps-2f62dc3ef51480a2bda5e0668ea7b1ad?pvs=21),일정,,2026/02/27,"  • 보상금 지급 안내 & 구글폼 작성 요청",최소연(교육운영실),No,P2,
(14’) 온라인 편/검 계약서 확인 (w. 다원님),No,Yes,2026년 2월 27일,,온라인 강의 촬영 관리 개선 (https://www.notion.so/3132dc3ef5148048982fe5a30380d1f6?pvs=21),DONE,,,,박진영(교육운영실),No,(진영)날짜,
강여경님 컨택,No,No,2026년 2월 27일,,KDC 튜터 구인 (https://www.notion.so/KDC-2f52dc3ef51480d0afcffca986c5c664?pvs=21),TODO,,2026/02/27,,이선진(교육운영실),No,,
편집/검수 2월 업무 추가 계약 요청,No,Yes,2026년 3월 3일,기타 - 비용 정산 (https://www.notion.so/2fe2dc3ef51480e79d7ff7f0af5a8e1a?pvs=21),비용 정산 (https://www.notion.so/2fe2dc3ef514804da524ce1df1b81d29?pvs=21),DONE,,,,박진영(교육운영실),No,P0,
❤️‍🔥 [ BAU ] 튜터 문의대응,No,No,2026년 3월 4일,,튜터 문의 대응  (https://www.notion.so/2f52dc3ef5148049b21bdeac5148ff3e?pvs=21),DONE,,2026/03/05,"  • 나인하이어
  • 이메일
  • 구글메시지
  • 튜터톡",최소연(교육운영실),No,P0,
보수교육 이수 안내,No,Yes,2026년 3월 3일,,AI Campus NCS 등록 현황 확인 & 문의대응 (https://www.notion.so/AI-Campus-NCS-2f62dc3ef51480abac6ef0c6abbe9007?pvs=21),DONE,,2026/03/03,"  • 기존 튜터 ( 이동 )
  • AI 캠퍼스 기존 안내 튜터 ",최소연(교육운영실),No,P0,
강여경님 리마인드 메일 발송 및 미팅 어레인지,No,Yes,2026년 3월 3일,,KDC 튜터 구인 (https://www.notion.so/KDC-2f52dc3ef51480d0afcffca986c5c664?pvs=21),DONE,,2026/03/03,-바로 미팅 일정 어레인지,이선진(교육운영실),No,P0,
"튜터 2차 컨택 : 방현지, 유광열, 김경빈",No,Yes,2026년 3월 3일,,튜터 비용 절감  (https://www.notion.so/2f52dc3ef5148039b694c882d494bc55?pvs=21),DONE,,2026/03/03,,이선진(교육운영실),No,P0,
지난주 컨택 내용 정리,No,Yes,2026년 3월 3일,,튜터 비용 절감  (https://www.notion.so/2f52dc3ef5148039b694c882d494bc55?pvs=21),DONE,,2026/03/03,,이선진(교육운영실),No,P0,
김하연 튜터  근무 기간 변경 확인,No,Yes,2026년 3월 3일,,튜터 비용 절감  (https://www.notion.so/2f52dc3ef5148039b694c882d494bc55?pvs=21),DONE,,2026/03/03," (5/6기 4/3까지 19-21 근무 희망)",이선진(교육운영실),No,P0,
석진희님 컨택,No,Yes,,,튜터 비용 절감  (https://www.notion.so/2f52dc3ef5148039b694c882d494bc55?pvs=21),DONE,,2026/03/03,"  • 단기심화 비용 확정 필요",박소희(교육운영실),No,,
배지은님 컨택,No,Yes,,,튜터 비용 절감  (https://www.notion.so/2f52dc3ef5148039b694c882d494bc55?pvs=21),DONE,,2026/03/03,"  • 마케팅 비용 확정 필요",박소희(교육운영실),No,,
Upside 비용 확정 필요,No,Yes,,,튜터 비용 절감  (https://www.notion.so/2f52dc3ef5148039b694c882d494bc55?pvs=21),DONE,,2026/03/03,"  • 단기심화 / 마케팅",박소희(교육운영실),No,,
주간회의 ) 교육 운영실,No,Yes,,,기타 - 미팅 (https://www.notion.so/3182dc3ef51480db93a9e9a1b2f6c9a3?pvs=21),DONE,,2026/03/03,,박소희(교육운영실),No,,
위클리 ) 튜터렐 파트,No,Yes,,,기타 - 미팅 (https://www.notion.so/3182dc3ef51480db93a9e9a1b2f6c9a3?pvs=21),DONE,,2026/03/03,,박소희(교육운영실),No,,
"회고 ) AI 캠퍼스 심사 ",No,Yes,,,기타 - 미팅 (https://www.notion.so/3182dc3ef51480db93a9e9a1b2f6c9a3?pvs=21),DONE,,2026/03/03,,박소희(교육운영실),No,,
활동 중 튜터 전달,No,Yes,,,EduOps 튜터  (https://www.notion.so/EduOps-2f62dc3ef51480a2bda5e0668ea7b1ad?pvs=21),DONE,,2026/03/03,"  • 비용 시물레이션에 사용될 튜터 TO 
  • EduOps / 정부 시스템 정합성 확인 필요",박소희(교육운영실),No,,
(14’) 스승의날 키메시지 논의,No,Yes,2026년 3월 4일,,2026 스승의날 (https://www.notion.so/2026-3132dc3ef51480cfa106e49f05499cac?pvs=21),DONE,,,,박진영(교육운영실),No,(진영)날짜,
2월 정산 시트 기입,No,No,2026년 3월 5일,,비용 정산 (https://www.notion.so/2fe2dc3ef514804da524ce1df1b81d29?pvs=21),TODO,,,,박진영(교육운영실),No,P0,
아웃보딩 튜터 계약 종료 + 비활성화,No,No,2026년 3월 6일,,EduOps 튜터  (https://www.notion.so/EduOps-2f62dc3ef51480a2bda5e0668ea7b1ad?pvs=21),일정,,2026/03/05,,최소연(교육운영실),No,P2,
세걸님 근무 안내 + 준비,No,Yes,2026년 3월 4일,,튜터 구인 (https://www.notion.so/2f52dc3ef51480a08d4ee335d3db1d1e?pvs=21),DONE,,2026/03/03,"  • 작업 시트 / 세팅  https://www.notion.so/3182dc3ef5148056a090e299d029e3da?pvs=21
  • 나인하이어 / 노션 권한 → 슬랙 접근 권한 확인 중
  • 계약서 → HR 검토 중
  • 언리얼 / C++ / 단기심화 / 디지털 마케팅 홍보도 요청드리기 . ",최소연(교육운영실),No,P0,
(14’) 검수자 계약서 수정 논의,No,Yes,2026년 3월 3일,,비용 정산 (https://www.notion.so/2fe2dc3ef514804da524ce1df1b81d29?pvs=21),DONE,,,,박진영(교육운영실),No,(진영)날짜,
검수자 계약서 수정 회의록 작성,No,Yes,2026년 3월 3일,,비용 정산 (https://www.notion.so/2fe2dc3ef514804da524ce1df1b81d29?pvs=21),DONE,,,,박진영(교육운영실),No,P0,
마케팅 실무의 이해 리뉴얼 범위 논의,No,Yes,2026년 3월 3일,기한 내 커리큘럼 설계 및 교안 제작 달성율 / 100%  (https://www.notion.so/100-2f02dc3ef51480d78509f5dff818e4b2?pvs=21),[KDT] 마케팅 실무의 이해 (https://www.notion.so/KDT-3182dc3ef51480dbbb29f54d60ae2ce7?pvs=21),DONE,,,"1. 기존 [마케팅 실무의 이해] 교안을 활용하여 다른 튜터님이 재촬영
2. 신규 튜터님이 커리큘럼 설계부터 강의 촬영까지 전체 리뉴얼 진행
3. 경빈 튜터님과 재촬영 진행",박진영(교육운영실),No,P1,
언리얼 한창욱님 합류 안내,No,No,2026년 3월 4일,,튜터 구인 (https://www.notion.so/2f52dc3ef51480a08d4ee335d3db1d1e?pvs=21),TODO,,2026/03/05,"  • 5/6 회차 종강 → 8회차로 바로 합류 하도록 안내",최소연(교육운영실),No,P0,
"Unreal 트랙  후순위 후보자 (최민성, 정영훈) 컨택 진행 여부 확인 및 발송 ",No,Yes,2026년 3월 4일,,튜터 비용 절감  (https://www.notion.so/2f52dc3ef5148039b694c882d494bc55?pvs=21),DONE,,2026/03/03,"오후 4시 발송 예정 ",이선진(교육운영실),No,P1,
"하공이님 진행 상황 업데이트 ",No,Yes,2026년 3월 5일,,KDC 튜터 구인 (https://www.notion.so/KDC-2f52dc3ef51480d0afcffca986c5c664?pvs=21),DONE,,2026/03/03,-차주 월요일까지 업데이트 예정 안내,이선진(교육운영실),No,P1,
김휘수 검수자 계약 체결,No,Yes,2026년 3월 3일,,비용 정산 (https://www.notion.so/2fe2dc3ef514804da524ce1df1b81d29?pvs=21),DONE,,,"  • 해석 및 수정 범위 안내 완료
  • 검토 후 컴플라이언스에게 공유하여 계약 체결 진행",박진영(교육운영실),No,P1,
교안 검수 및 마케팅 영상(KDC) 프로세스,No,No,2026년 3월 4일,,온라인 강의 촬영 관리 개선 (https://www.notion.so/3132dc3ef5148048982fe5a30380d1f6?pvs=21),TODO,,,,박진영(교육운영실),No,P1,
구인 - 실시간 스프링 강의 vod 제작,No,No,2026년 3월 6일,,튜터 구인 (https://www.notion.so/2f52dc3ef51480a08d4ee335d3db1d1e?pvs=21),In Progress,,2026/03/04,"  • EduOps 카드 생성
  • 일정 조율 (강준규님)
  • 강준규님 일정 선택 F/U → 미선택 시 확인 메시지",최소연(교육운영실),No,P0,
강의제작 현황 미팅 (10:30),No,Yes,,,기타 - 미팅 (https://www.notion.so/3182dc3ef51480db93a9e9a1b2f6c9a3?pvs=21),DONE,,2026/03/04,,박소희(교육운영실),No,,
3차 컨택 스크립트,No,Yes,2026년 3월 4일,,튜터 비용 절감  (https://www.notion.so/2f52dc3ef5148039b694c882d494bc55?pvs=21),DONE,,2026/03/04,,"박소희(교육운영실), 이선진(교육운영실)",No,P1,
티타임 (16:00~17:00),No,No,,,기타 - 미팅 (https://www.notion.so/3182dc3ef51480db93a9e9a1b2f6c9a3?pvs=21),TODO,,2026/03/04,,박소희(교육운영실),No,,
"튜터 미팅 (김하연님) @판교 (17:30 ~) ",No,No,,,기타 - 미팅 (https://www.notion.so/3182dc3ef51480db93a9e9a1b2f6c9a3?pvs=21),TODO,,2026/03/04,,박소희(교육운영실),No,,
강의 제작 우선순위 및 튜터 섭외 프로세스  (11:00),No,Yes,,,기타 - 미팅 (https://www.notion.so/3182dc3ef51480db93a9e9a1b2f6c9a3?pvs=21),DONE,,2026/03/04,"  • 회의록 → 캘린더",박소희(교육운영실),No,,
튜터 2차 컨택 : 이현주 튜터,No,Yes,2026년 3월 4일,,튜터 비용 절감  (https://www.notion.so/2f52dc3ef5148039b694c882d494bc55?pvs=21),DONE,,2026/03/04,,이선진(교육운영실),No,,
Unreal 튜터 대상 관련 안내 메일 작성,No,No,,,튜터 비용 절감  (https://www.notion.so/2f52dc3ef5148039b694c882d494bc55?pvs=21),TODO,,2026/03/04,,박소희(교육운영실),No,,
운영 매니저 향 튜터 Survey 수정,No,No,2026년 3월 9일,,튜터 비용 절감  (https://www.notion.so/2f52dc3ef5148039b694c882d494bc55?pvs=21),TODO,,2026/03/04,,이선진(교육운영실),No,P1,
3월 튜터 정산 시트 정리 후 담당자 확인 필요,No,No,2026년 3월 5일,,비용 정산 (https://www.notion.so/2fe2dc3ef514804da524ce1df1b81d29?pvs=21),TODO,,2026/03/04,,박소희(교육운영실),No,,
구인 - ai 그래픽 디자이너 vod 제작,No,No,2026년 3월 6일,,튜터 구인 (https://www.notion.so/2f52dc3ef51480a08d4ee335d3db1d1e?pvs=21),In Progress,,2026/03/04,"  • 단예진님 미팅
  • 정확한 분량 등 재확인 받으면 ) 박명수 튜터님 메일 발송",최소연(교육운영실),No,P0,
구인 - 디지털 마케터 vod 재촬영,No,No,2026년 3월 6일,,튜터 구인 (https://www.notion.so/2f52dc3ef51480a08d4ee335d3db1d1e?pvs=21),TODO,,2026/03/05,"  • 1 > 2 > 3 순위
  • 선진 / 소희님과 논의 후 컨택",최소연(교육운영실),No,P0,
[ 콘텐츠 마케터를 위한 AI 디자인 기초 : 광고 소재부터 이벤트 페이지 ] 리뉴얼,Yes,No,2026년 3월 6일,,KDC 튜터 구인 (https://www.notion.so/KDC-2f52dc3ef51480d0afcffca986c5c664?pvs=21),일정,,2026/03/05,"  [ 3/5 목요일 진행 필요 : 김효신 튜터님 컨택 ]
 • 제작 사유: VoC가 있는 상황이며, 주무관님도 버전 관리 관련해서 확인 중으로 리뉴얼 필요
 • 미드저니 웹으로 업데이트 된 부분 추가 제작 필요 
 • 제작되어야하는 부분은 응수님께서 따로 개요서로 전달주시기로 하였습니다. → 개요서 작성 전 소희님과 논의하여 1차 가능 여부 컨택 (3월 내)",최소연(교육운영실),No,P0,
조병옥님 컨택 (14:00),No,No,,,튜터 구인 (https://www.notion.so/2f52dc3ef51480a08d4ee335d3db1d1e?pvs=21),TODO,,2026/03/04,,박소희(교육운영실),No,,
강의제작 MVP 논의,No,No,2026년 3월 5일,,강의제작/관리 프로세스 재정비 (https://www.notion.so/2f52dc3ef51480f9a772e12b7e9d4ba1?pvs=21),TODO,,,3/6(금) 기획안 공유,박진영(교육운영실),No,P0,
"강의제작 MVP 기획안 공유 (w. 소희님, 기철님)",No,No,2026년 3월 6일,,강의제작/관리 프로세스 재정비 (https://www.notion.so/2f52dc3ef51480f9a772e12b7e9d4ba1?pvs=21),TODO,,,,박진영(교육운영실),No,P0,
강의 롤아웃 (스파르타 C언어),No,No,2026년 3월 6일,기한 내 커리큘럼 설계 및 교안 제작 달성율 / 100%  (https://www.notion.so/100-2f02dc3ef51480d78509f5dff818e4b2?pvs=21),[KDT] Unreal C / C++ (https://www.notion.so/KDT-Unreal-C-C-2fe2dc3ef5148049a5f3e5a421f05369?pvs=21),TODO,,,(v1.0) 스파르타 C언어 (https://www.notion.so/v1-0-C-2fc2dc3ef51481a28ca6f2a536625613?pvs=21) / 강의 지급일: 4/10,박진영(교육운영실),No,(진영)날짜,
강의 롤아웃 (스파르타 C++),No,No,2026년 3월 9일,기한 내 커리큘럼 설계 및 교안 제작 달성율 / 100%  (https://www.notion.so/100-2f02dc3ef51480d78509f5dff818e4b2?pvs=21),[KDT] Unreal C / C++ (https://www.notion.so/KDT-Unreal-C-C-2fe2dc3ef5148049a5f3e5a421f05369?pvs=21),TODO,,,(v1.0) 스파르타 C++ (https://www.notion.so/v1-0-C-2fc2dc3ef51481768cbdf5247b075592?pvs=21) / 강의 지급일: 4/10,박진영(교육운영실),No,(진영)날짜,
(11’30) 강의제작 MVP 싱크업,No,No,2026년 3월 5일,"제작 관리를 위한 요청, 제작 일정 산정 현황판 구축- 업무/일정 별 제작 채널 알림 자동화(노션, 슬랙) (https://www.notion.so/2f02dc3ef51480ea8de0cd470fadfa08?pvs=21)",강의제작/관리 프로세스 재정비 (https://www.notion.so/2f52dc3ef51480f9a772e12b7e9d4ba1?pvs=21),TODO,,,,박진영(교육운영실),No,(진영)날짜,
합류 확정 & 거절 튜터 메일 템플릿 수정 미,No,Yes,2026년 3월 4일,,튜터 비용 절감  (https://www.notion.so/2f52dc3ef5148039b694c882d494bc55?pvs=21),DONE,,2026/03/04,,이선진(교육운영실),No,P1,
PPT 스킬업 강의 대체자 풀 확인,No,No,2026년 3월 6일,,KDC 튜터 구인 (https://www.notion.so/KDC-2f52dc3ef51480d0afcffca986c5c664?pvs=21),TODO,,2026/03/04,-강여경님 미팅 결과에 따라 대체자 필요 가능성 有,이선진(교육운영실),No,,