강의명,Day 구분,강의 지급일,교안 링크,그 외 참고사항,담당자,롤아웃,리뉴얼,마감일까지,사용처,상태,신호등,연결,완료 개수,요약노트,진척도,"챕터별 교안 제작 마감 일자 ",챕터별 예상 분량,체크박스,커리큘럼 시트,트랙명
(v2.0) 웹개발이 처음이어도 쉽게 배우는 GPT 웹개발,마감,,,,"유현승(콘텐츠팀), 김지민(KDT교육운영팀)",2025년 12월 31일,,D+64,KDC,완료,,"커리큘럼(목차) 설계 (https://www.notion.so/2ce2dc3ef51480729b75f337e10bd672?pvs=21), 교안제작 (https://www.notion.so/2ce2dc3ef514808ab246f912d8a41535?pvs=21), 리허설 촬영 (1-1) (https://www.notion.so/1-1-2ce2dc3ef51480de9c76f5871799653d?pvs=21), CH1 - 촬영 (https://www.notion.so/CH1-2ce2dc3ef51480d6b58bdedd563737ed?pvs=21), CH1 - 편집 (https://www.notion.so/CH1-2ce2dc3ef51480d5a905cc66ab8f76cf?pvs=21), CH1 - 검수 (https://www.notion.so/CH1-2ce2dc3ef5148056b1e5eff847de45e5?pvs=21), 교안제작 (https://www.notion.so/2ce2dc3ef51480e2a985c2e61b85b5ec?pvs=21), CH2 - 촬영  (https://www.notion.so/CH2-2ce2dc3ef5148050a0d8e4ad29e34254?pvs=21), CH2 - 편집  (https://www.notion.so/CH2-2ce2dc3ef514801ba29fd70a75e39d9e?pvs=21), CH2 - 검수 (https://www.notion.so/CH2-2ce2dc3ef5148092a692e9f370922434?pvs=21), 교안제작 (https://www.notion.so/2ce2dc3ef51480238f72ddb6cbf77bc8?pvs=21), CH3 - 촬영 (https://www.notion.so/CH3-2ce2dc3ef514804aa53cd2a420e5267f?pvs=21), CH3 - 편집 (https://www.notion.so/CH3-2ce2dc3ef5148065971ad0d9d2ecf0d3?pvs=21), CH3 - 검수 (https://www.notion.so/CH3-2ce2dc3ef51480be8e25d1cffe016b94?pvs=21), 커리큘럼(목차) 설계 (https://www.notion.so/2ce2dc3ef51480b8bbe7ec415e10bbdf?pvs=21), 교안제작 (https://www.notion.so/2ce2dc3ef5148016b089e741668cceaf?pvs=21), CH4 - 촬영 (https://www.notion.so/CH4-2ce2dc3ef51480b2976af21c459b25f7?pvs=21), CH4 - 편집 (https://www.notion.so/CH4-2ce2dc3ef51480f3bc16cd16ed087a12?pvs=21), CH4 - 검수 (https://www.notion.so/CH4-2ce2dc3ef51480d08ca8ddbcd2d656dc?pvs=21), 교안제작 (https://www.notion.so/2ce2dc3ef514800fa41ac87126f2e050?pvs=21), CH5 - 촬영 (https://www.notion.so/CH5-2ce2dc3ef514802e9bb0e0e33707f8a1?pvs=21), CH5 - 편집 (https://www.notion.so/CH5-2ce2dc3ef51480dd8846fa9158f9f3d0?pvs=21), CH5 - 검수 (https://www.notion.so/CH5-2ce2dc3ef51480e5a065ea13ff7096ad?pvs=21), 강의 롤아웃 (https://www.notion.so/2ce2dc3ef514805ab764f993cc3ab246?pvs=21)",24/24,No,1,,,No,,
(v1.0) 데이터 핸들링을 위한 Python & SQL 기초,마감,,,,유현승(콘텐츠팀),2026년 1월 16일,,D+48,,완료,,"교안제작 (https://www.notion.so/2ce2dc3ef5148055a521c50160ce8fed?pvs=21), CH1 - 촬영  (https://www.notion.so/CH1-2ce2dc3ef5148056a3eef656e117796c?pvs=21), CH1 - 편집 (https://www.notion.so/CH1-2ce2dc3ef514804f9d48f5031ae1b487?pvs=21), CH1 - 검수 (https://www.notion.so/CH1-2ce2dc3ef51480df8354cf4ddd96e85e?pvs=21), 교안제작  (https://www.notion.so/2ce2dc3ef51480bebe15d3d5ecbea835?pvs=21), CH2 - 촬영 (https://www.notion.so/CH2-2ce2dc3ef514806b9d0ecbf2835d9927?pvs=21), CH2 - 편집 (https://www.notion.so/CH2-2ce2dc3ef514802d9408ff351200b469?pvs=21), CH2 - 검수 (https://www.notion.so/CH2-2ce2dc3ef514803d80dcf85a605c8bbf?pvs=21), 교안제작 (https://www.notion.so/2ce2dc3ef51480a2be94d609ce39fe00?pvs=21), CH3 - 촬영 (https://www.notion.so/CH3-2ce2dc3ef5148089b6e3d351c0685570?pvs=21), CH3 - 편집 (https://www.notion.so/CH3-2ce2dc3ef514804a821ec2f53ceae76f?pvs=21), CH3 - 검수 (https://www.notion.so/CH3-2ce2dc3ef51480069d55ed642bad22fd?pvs=21), 강의 롤아웃 (https://www.notion.so/2ce2dc3ef51480d18b68f1dc535a7c7f?pvs=21)",13/13,No,1,,,No,,
(v1.0) 통계적 사고와 머신러닝 입문,마감,,,,유현승(콘텐츠팀),2026년 1월 16일,,D+48,,완료,,"강의 롤아웃 (https://www.notion.so/2d32dc3ef514804e92dbd637fadaeeff?pvs=21), 촬영 (https://www.notion.so/2d32dc3ef5148082917ed8a207b513d6?pvs=21), 편집 (https://www.notion.so/2d32dc3ef514809b9350c2fe0cc7e5a5?pvs=21), 검수 (https://www.notion.so/2d32dc3ef51480c3853ae0a2583b6f3e?pvs=21), 촬영 (https://www.notion.so/2d32dc3ef514809ea931cb64bd42c8c9?pvs=21), 편집 (https://www.notion.so/2d32dc3ef51480378b8ad77f5e761f66?pvs=21), 검수 (https://www.notion.so/2d32dc3ef51480fdad18c2fa95705ffe?pvs=21), 추가 촬영 (실습) (https://www.notion.so/2e02dc3ef514803c9c68cc7278fee3ba?pvs=21), 추가 촬영 (https://www.notion.so/2e02dc3ef51480349c7ddc44e191def9?pvs=21), 추가 편집 (https://www.notion.so/2e02dc3ef51480dfa7bdd5216b1df14c?pvs=21), 추가 검수 (https://www.notion.so/2e02dc3ef514806d81c4f76df2284c50?pvs=21), 추가 편집 (https://www.notion.so/2e02dc3ef51480aaae33eef2c4165513?pvs=21), 추가 촬영 (https://www.notion.so/2e02dc3ef51480e7a932efd3b526eef2?pvs=21)",13/13,No,1,,,No,,
"(v2.3) 신입사원 필수 입문, 실무형 AI - 문서·보고서·업무자동화",마감,,,,"유현승(콘텐츠팀), 김지민(KDT교육운영팀)",2025년 12월 19일,,D+76,KDC,완료,,,0/0,No,,,,No,,
(v2.0) 클라우드 기반 백엔드 설계,마감,,,,장수미(KDT교육운영팀),2026년 3월 4일,전체 리뉴얼 (기존 강의 전면 개편),D+1,KDT,완료,,"CH1 교안제작 (https://www.notion.so/CH1-2d12dc3ef5148068b5a8df384f517c14?pvs=21), CH2 교안제작 (https://www.notion.so/CH2-2d12dc3ef514805a8eafe5f9aee920ff?pvs=21), CH3 교안제작 (https://www.notion.so/CH3-2d12dc3ef51480c294e3f5185008166f?pvs=21), CH4 교안제작 (https://www.notion.so/CH4-2d12dc3ef51480ccbca5df8ad9bcda5d?pvs=21), CH5 교안제작 (https://www.notion.so/CH5-2d12dc3ef514807d9b0cd55c9666cc49?pvs=21), CH1~3 강의 롤아웃 (https://www.notion.so/CH1-3-2d12dc3ef51480878240d6ac965eca2e?pvs=21), 리허설 촬영 (https://www.notion.so/2d52dc3ef51480889ebadd400fe2c4dd?pvs=21), CH1 촬영 (https://www.notion.so/CH1-2d52dc3ef51480f3a5adea26d10b9e87?pvs=21), CH1 편집 (https://www.notion.so/CH1-2d52dc3ef51480a3a3f8fe15ae40e767?pvs=21), CH1 검수 (https://www.notion.so/CH1-2d52dc3ef51480278b7eed6c7bcd8481?pvs=21), CH2 촬영 (https://www.notion.so/CH2-2d52dc3ef51480338992fe10d5c81482?pvs=21), CH2 편집 (https://www.notion.so/CH2-2d52dc3ef514807186c6ecd713d49ffa?pvs=21), CH2 검수 (https://www.notion.so/CH2-2d52dc3ef51480049876e88d91e95972?pvs=21), CH3 촬영 (https://www.notion.so/CH3-2d52dc3ef51480debd8ee0d73fd72de3?pvs=21), CH3 편집 (https://www.notion.so/CH3-2d52dc3ef51480d1870cdd0f4988fdd6?pvs=21), CH3 검수 (https://www.notion.so/CH3-2d52dc3ef51480d4892df3e5922c8319?pvs=21), CH4 촬영 (https://www.notion.so/CH4-2d52dc3ef5148026b7a1e696e443bd2e?pvs=21), CH4 편집 (https://www.notion.so/CH4-2d52dc3ef514804e8897f48858e6d483?pvs=21), CH4 검수 (https://www.notion.so/CH4-2d52dc3ef5148097bd1df3798e6a590e?pvs=21), CH5 촬영 (https://www.notion.so/CH5-2d52dc3ef51480699843d4e351b134eb?pvs=21), CH5 편집 (https://www.notion.so/CH5-2d52dc3ef51480eb8e1ef4f3887522cd?pvs=21), CH5 검수 (https://www.notion.so/CH5-2d52dc3ef5148053bc7adb206dd3dd85?pvs=21), CH4~5 강의 롤아웃 (https://www.notion.so/CH4-5-2da2dc3ef51480ca9133c1e5a25ca13b?pvs=21), CH4 자막 (https://www.notion.so/CH4-30d2dc3ef514804abf69c6dd807eee9b?pvs=21), CH5 자막 (https://www.notion.so/CH5-30d2dc3ef51480f780bcfbf40506d796?pvs=21)",25/25,No,1,,,No,,
(v1.0) AI Literacy,마감,,,,박진영(교육운영실),2026년 1월 7일,,D+57,KDT-온보딩,완료,,제목 없음 (https://www.notion.so/2d52dc3ef514805a9bc2ddaadc9946ca?pvs=21),0/0,No,,,,No,,
(v1.0) 게임 디자이너 Photoshop 원화 입문,마감,,,,박응수(콘텐츠팀),2026년 1월 19일,신규 제작,D+45,KDT,완료,,"제목 없음 (https://www.notion.so/2d52dc3ef514805a9bc2ddaadc9946ca?pvs=21), 검수 (https://www.notion.so/2df2dc3ef5148019b98fe2a2891518fd?pvs=21), 검수 (https://www.notion.so/2df2dc3ef514807099d3d7fd5144900f?pvs=21), 검수 (https://www.notion.so/2df2dc3ef51480cc8324d87cdfb02031?pvs=21), 검수 (https://www.notion.so/2df2dc3ef51480d6b36fd583122f9ff2?pvs=21), 검수 (https://www.notion.so/2df2dc3ef514801bbe4ff30f00f96860?pvs=21), 검수 (https://www.notion.so/2df2dc3ef51480b794b9ea8372b1b6f8?pvs=21), 편집 (https://www.notion.so/2e02dc3ef514808ab20ae68a0261e77b?pvs=21), 편집 (https://www.notion.so/2e22dc3ef51480a0a42ccb12b5f4b4d6?pvs=21), 편집 (https://www.notion.so/2e22dc3ef51480849b6dd523753812f5?pvs=21), 편집 (https://www.notion.so/2e22dc3ef5148031a75ff4d806968b24?pvs=21), 편집 (https://www.notion.so/2e22dc3ef51480a18dd8f3f009cddb44?pvs=21), 편집 (https://www.notion.so/2e22dc3ef51480598144c792e40debb8?pvs=21)",12/12,No,1,,,No,,
(v2.0) Unreal Engine 멀티플레이어 게임 개발,마감,,,,박진영(교육운영실),2026년 1월 9일,,D+55,KDT,완료,,"제목 없음 (https://www.notion.so/2d52dc3ef514805a9bc2ddaadc9946ca?pvs=21), 자막 검수 (https://www.notion.so/2e12dc3ef514805cb1c2f3255e860af6?pvs=21)",1/1,No,1,,,No,,
"(v1.0) 실시간 채팅을 위한 아키텍쳐 설계 ",마감,2026년 2월 23일,,,장수미(KDT교육운영팀),2026년 2월 13일,신규 제작,D+20,KDT,완료,,"제목 없음 (https://www.notion.so/2d52dc3ef514805a9bc2ddaadc9946ca?pvs=21), 목차 설계 (https://www.notion.so/2e62dc3ef5148089a93dea795d177289?pvs=21), 강의 롤아웃 (https://www.notion.so/2e62dc3ef51480a880a2ead028ba7ac0?pvs=21), CH1 교안 제작 (https://www.notion.so/CH1-2ee2dc3ef51480dab1e9cb3666a359d3?pvs=21), CH2 교안 제작 (https://www.notion.so/CH2-2ee2dc3ef5148021a164e0043e65ba2f?pvs=21), CH3 교안 제작 (https://www.notion.so/CH3-2ee2dc3ef5148027b96defc7f210ca26?pvs=21), CH4 교안 제작 (https://www.notion.so/CH4-2ee2dc3ef51480d0b244ebdf4b51c044?pvs=21), CH1 촬영 (https://www.notion.so/CH1-2ee2dc3ef514807f8f64d3cc51595e5f?pvs=21), CH1 편집 (https://www.notion.so/CH1-2ee2dc3ef51480eeb2aaef5656480e53?pvs=21), CH1 검수 (https://www.notion.so/CH1-2ee2dc3ef51480c59173c02e5d312a63?pvs=21), CH2 촬영 (https://www.notion.so/CH2-2ee2dc3ef51480dbbfaeda606d941378?pvs=21), CH2 편집 (https://www.notion.so/CH2-2ee2dc3ef51480ddbf5ad0e7a630cc58?pvs=21), CH2 검수 (https://www.notion.so/CH2-2ee2dc3ef514800ba224d46bb8fe7956?pvs=21), CH3 촬영 (https://www.notion.so/CH3-2ee2dc3ef5148001866ffce656f9f32f?pvs=21), CH3 편집 (https://www.notion.so/CH3-2ee2dc3ef51480678a2cd9d88085acc5?pvs=21), CH3 검수 (https://www.notion.so/CH3-2ee2dc3ef51480108a57f909fe6d11ed?pvs=21), CH4 촬영 (https://www.notion.so/CH4-2ee2dc3ef5148008acc5f0b148214728?pvs=21), CH4 편집 (https://www.notion.so/CH4-2ee2dc3ef5148004897eeff757b6725e?pvs=21), CH4 검수 (https://www.notion.so/CH4-2ee2dc3ef514803ea05af5bd7131df0b?pvs=21), 자료 조사&프로젝트 준비 (https://www.notion.so/2ef2dc3ef514804389e7c6f0c1c90b1e?pvs=21), 리허설 촬영 (https://www.notion.so/2ef2dc3ef514809ea164f0582447360e?pvs=21)",20/20,No,1,,1.5 / 1.5 / 2 / 2,No,,커머스 스프링
(v1.0) 부업을 부르는 AI PPT 수익화,W4 이내 완료,2026년 3월 31일,,,박응수(콘텐츠팀),2026년 3월 31일,신규 제작,D-25,신사업,진행 중,🟠,"제목 없음 (https://www.notion.so/2d52dc3ef514805a9bc2ddaadc9946ca?pvs=21), 목차 설계 (https://www.notion.so/2fb2dc3ef51480aa938fea027a7532c0?pvs=21), 교안 제작 (https://www.notion.so/2fb2dc3ef5148080b9c9c4eea2f807cd?pvs=21), 촬영 (https://www.notion.so/2fb2dc3ef51480dc89a0ee4446af984e?pvs=21)",1/3,No,0.3333333333333333,,,No,https://docs.google.com/spreadsheets/d/11XAFw_Tyx8HQ-z5aohmkk7cGY5r5kqAE7Yy_1RZZqVw/edit?gid=1634041012#gid=1634041012,
(편집)(v3.0) AI 로켓 그로스 수익화,마감,2026년 3월 5일,,,박응수(콘텐츠팀),2026년 3월 2일,,D+3,신사업,완료,,"제목 없음 (https://www.notion.so/2d52dc3ef514805a9bc2ddaadc9946ca?pvs=21), CH1 업로드 (https://www.notion.so/CH1-2fb2dc3ef51480cdab9ec2198defb9b9?pvs=21), CH2 업로드 (https://www.notion.so/CH2-2fb2dc3ef514809e9539f28f8fa514b5?pvs=21), CH3 업로드 (https://www.notion.so/CH3-2fb2dc3ef51480debff0d328e4b5ec7c?pvs=21), CH4 업로드 (https://www.notion.so/CH4-2fb2dc3ef514800d9907e366246833e4?pvs=21), CH5 업로드 (https://www.notion.so/CH5-2fb2dc3ef514809da3eae0aaecb281c8?pvs=21), CH6 업로드 (https://www.notion.so/CH6-2fb2dc3ef51480baa81af9396f5157c8?pvs=21), CH7 업로드 (https://www.notion.so/CH7-2fb2dc3ef51480ff90a6c4b93fe9fe6e?pvs=21), CH1 편집 (https://www.notion.so/CH1-2fb2dc3ef514805ca4a2ddaa92b07f6e?pvs=21), CH1 자막생성 (https://www.notion.so/CH1-2fb2dc3ef5148061aebfc4ebaf42d5c2?pvs=21), CH2 편집 (https://www.notion.so/CH2-2fb2dc3ef51480ac9b31e68438254018?pvs=21), CH2 자막생성 (https://www.notion.so/CH2-2fb2dc3ef51480359867e24634d0bba1?pvs=21), CH3 편집 (https://www.notion.so/CH3-2fb2dc3ef5148083b4fbd8922e39630b?pvs=21), CH3 자막생성 (https://www.notion.so/CH3-2fb2dc3ef5148080b577f47c65d7ab1a?pvs=21), CH4 편집 (https://www.notion.so/CH4-2fb2dc3ef51480649388cc2f185782ec?pvs=21), CH4 자막생성 (https://www.notion.so/CH4-2fb2dc3ef51480068b65c302886f9f0f?pvs=21), CH5 편집 (https://www.notion.so/CH5-2fb2dc3ef5148005b925de89c83d98e0?pvs=21), CH5 자막생성 (https://www.notion.so/CH5-2fb2dc3ef51480c4970ee6e4d15728c1?pvs=21), CH6 편집 (https://www.notion.so/CH6-2fb2dc3ef51480418868fcd0642f4ec4?pvs=21), CH6 자막생성 (https://www.notion.so/CH6-2fb2dc3ef5148074a0e0ebab28054cfd?pvs=21), CH7 편집 (https://www.notion.so/CH7-2fb2dc3ef514803fb580d9d05cbde5c5?pvs=21), CH7 자막생성 (https://www.notion.so/CH7-2fb2dc3ef514807ebc0cc41b9a6d2cc5?pvs=21), 강의 롤아웃 (https://www.notion.so/2fb2dc3ef51480d38d8bf7588d3e8225?pvs=21)",22/22,No,1,,,No,,
(v1.0) 스파르타 C언어,한달 이상,2026년 4월 10일,,마감 일자의 경우 튜터님께서 이미 교안을 작업해둔 내용이 있어 위와 같이 적었습니다!,,2026년 4월 3일,신규 제작,D-28,KDT,진행 중,🟢,"제목 없음 (https://www.notion.so/2d52dc3ef514805a9bc2ddaadc9946ca?pvs=21), 리허설 촬영 (https://www.notion.so/2fe2dc3ef5148073b713f39c889eddfe?pvs=21), 강의 롤아웃 (https://www.notion.so/2fe2dc3ef5148095bf58c5c6a1dc2d22?pvs=21), CH1 교안제작 (https://www.notion.so/CH1-2fe2dc3ef514802fb1cace84267b1251?pvs=21), CH1 촬영 (https://www.notion.so/CH1-2fe2dc3ef51480caaecdf7cec2d02320?pvs=21), CH1 편집 (https://www.notion.so/CH1-2fe2dc3ef514807f9445e1bf34e60f15?pvs=21), CH1 자막 (https://www.notion.so/CH1-2fe2dc3ef514803291c0ea83ad38065d?pvs=21), CH1 검수 (https://www.notion.so/CH1-2fe2dc3ef5148044a1dfe04dd67cd642?pvs=21), CH2 교안제작 (https://www.notion.so/CH2-2fe2dc3ef514803d89cafe917219469d?pvs=21), CH2 촬영 (https://www.notion.so/CH2-2fe2dc3ef514805d97e8f20fffb84626?pvs=21), CH2 편집 (https://www.notion.so/CH2-2fe2dc3ef51480ceaf65e0969d667b6f?pvs=21), CH2 자막 (https://www.notion.so/CH2-2fe2dc3ef5148098a37adc5918a3c2ca?pvs=21), CH2 검수 (https://www.notion.so/CH2-2fe2dc3ef514801b812ad6319be36ee5?pvs=21), CH3 교안제작 (https://www.notion.so/CH3-2fe2dc3ef51480b8be44d0244efbe886?pvs=21), CH3 촬영 (https://www.notion.so/CH3-2fe2dc3ef514802b9409f498790e3db4?pvs=21), CH3 편집 (https://www.notion.so/CH3-2fe2dc3ef514806c99c7feb9244d9efb?pvs=21), CH3 자막 (https://www.notion.so/CH3-2fe2dc3ef51480ffa9fbea1d21b17017?pvs=21), CH3 검수 (https://www.notion.so/CH3-2fe2dc3ef51480bf9be1d51e183a3d5b?pvs=21), CH4 교안제작 (https://www.notion.so/CH4-2fe2dc3ef51480aabef1ea4e73bb848f?pvs=21), CH4 촬영 (https://www.notion.so/CH4-2fe2dc3ef51480f8a745cf49499819dd?pvs=21), CH4 편집 (https://www.notion.so/CH4-2fe2dc3ef5148007a955ec6c9f8740ff?pvs=21), CH4 자막 (https://www.notion.so/CH4-2fe2dc3ef5148004b129e81be7e4180c?pvs=21), CH4 검수 (https://www.notion.so/CH4-2fe2dc3ef514806eb08bf78e203a2ce6?pvs=21), CH5 교안제작 (https://www.notion.so/CH5-2fe2dc3ef514804eb2bfdc2f41a1b62b?pvs=21), CH5 촬영 (https://www.notion.so/CH5-2fe2dc3ef5148000905dca913981b1dc?pvs=21), CH5 편집 (https://www.notion.so/CH5-2fe2dc3ef51480c889d5f647582380bc?pvs=21), CH5 자막 (https://www.notion.so/CH5-2fe2dc3ef514804eb154da4dbccb6431?pvs=21), CH5 검수 (https://www.notion.so/CH5-2fe2dc3ef514808da4c0d1db9b9603b4?pvs=21), CH6 교안제작 (https://www.notion.so/CH6-2fe2dc3ef514806e92a4c3890f97e379?pvs=21), CH6 촬영 (https://www.notion.so/CH6-2fe2dc3ef514805c8788c1e8349e2b18?pvs=21), CH6 편집 (https://www.notion.so/CH6-2fe2dc3ef51480aa859fcd6758be14d3?pvs=21), CH6 자막 (https://www.notion.so/CH6-2fe2dc3ef514803eb0f4d7a7f023f370?pvs=21), CH6 검수 (https://www.notion.so/CH6-2fe2dc3ef51480e29dcde31e2b1eb319?pvs=21), CH7 교안제작 (https://www.notion.so/CH7-2fe2dc3ef51480b4be8ef848a79ed1c2?pvs=21), CH7 촬영 (https://www.notion.so/CH7-2fe2dc3ef51480b8ad0bcae86c76a3bb?pvs=21), CH7 편집 (https://www.notion.so/CH7-2fe2dc3ef5148093b3f1f5c5351342a3?pvs=21), CH7 자막 (https://www.notion.so/CH7-2fe2dc3ef514809a8a35c5e001c3012c?pvs=21), CH7 검수 (https://www.notion.so/CH7-2fe2dc3ef514801bb65de419d440ca19?pvs=21), CH9 교안제작 (https://www.notion.so/CH9-2fe2dc3ef5148085a226e81bfd350a91?pvs=21), CH9 촬영 (https://www.notion.so/CH9-2fe2dc3ef51480999662f401f160681d?pvs=21), CH9 편집 (https://www.notion.so/CH9-2fe2dc3ef514806ea00ac7dcf5da5e53?pvs=21), CH9 자막 (https://www.notion.so/CH9-2fe2dc3ef51480d093efd324dea93c9f?pvs=21), CH9 검수 (https://www.notion.so/CH9-2fe2dc3ef51480918672d8e8a99af3a9?pvs=21), CH10 교안제작 (https://www.notion.so/CH10-2fe2dc3ef51480379cbfd2f3488d8318?pvs=21), CH10 촬영 (https://www.notion.so/CH10-2fe2dc3ef51480b3a08dca5201c8101d?pvs=21), CH10 편집 (https://www.notion.so/CH10-2fe2dc3ef51480778563c03495f76e10?pvs=21), CH10 자막 (https://www.notion.so/CH10-2fe2dc3ef5148022afa6eefe23161fce?pvs=21), CH10 검수 (https://www.notion.so/CH10-2fe2dc3ef514804e9d8cd0b982cad966?pvs=21), CH11 교안제작 (https://www.notion.so/CH11-2fe2dc3ef51480fe94bbe6335ace2eb4?pvs=21), CH11 촬영 (https://www.notion.so/CH11-2fe2dc3ef51480829178c040adcdf148?pvs=21), CH11 편집 (https://www.notion.so/CH11-2fe2dc3ef5148053ad80fa5091baee0d?pvs=21), CH11 자막 (https://www.notion.so/CH11-2fe2dc3ef51480a98e38d5c55d33b943?pvs=21), CH11 검수 (https://www.notion.so/CH11-2fe2dc3ef514809da88bdf7b26844507?pvs=21), CH8 교안제작 (https://www.notion.so/CH8-3122dc3ef51480ffaa3be61920d73e3c?pvs=21), CH8 촬영 (https://www.notion.so/CH8-3122dc3ef514807ab814d9b05fb7aa4d?pvs=21), CH8 편집 (https://www.notion.so/CH8-3122dc3ef51480dd928df89b5b463cd2?pvs=21), CH8 자막 (https://www.notion.so/CH8-3122dc3ef51480928c09ff6d3c68fe43?pvs=21), CH8 검수 (https://www.notion.so/CH8-3122dc3ef5148062b1e6ec6da777f77f?pvs=21)",36/57,No,0.631578947368421,"Ch.1 : 2월 3일, Ch.2 : 2월 3일, Ch.3 : 2월 3일, Ch.4 : 2월 3일, Ch.5 : 2월 3일, Ch.6 : 2월 4일, Ch.7 : 2월 4일, Ch.8 : 2월 4일, Ch.9 : 2월 4일, Ch.10 : 2월 4일, Ch.11 : 2월 4일",2 / 1 / 1 / 1 / 1 / 1 / 2 / 1 / 1 / 1 / 1,No,https://docs.google.com/spreadsheets/d/1ZneZXJPJKqfDZm6k2IOfeXXcGuTFh4soZwjKaBaqikY/edit?usp=sharing,KDT Unreal 기반 3D 게임 개발자 양성과정
(v1.0) 스파르타 C++,한달 이상,2026년 4월 10일,,,한효승(KDT교육운영팀),2026년 4월 3일,신규 제작,D-28,KDT,진행 중,🟢,"제목 없음 (https://www.notion.so/2d52dc3ef514805a9bc2ddaadc9946ca?pvs=21), 리허설 촬영 (https://www.notion.so/2fe2dc3ef51480c39730ec1f65fd027f?pvs=21), 강의 롤아웃 (https://www.notion.so/2fe2dc3ef51480c6a572eae9e616728e?pvs=21), CH1 교안제작 (https://www.notion.so/CH1-2fe2dc3ef51480e393c7d8aecb8740c3?pvs=21), CH1 촬영 (https://www.notion.so/CH1-2fe2dc3ef514808ca380e7f9c7e1c4a9?pvs=21), CH1 편집 (https://www.notion.so/CH1-2fe2dc3ef51480a1a441e6511c6c14fd?pvs=21), CH1 검수 (https://www.notion.so/CH1-2fe2dc3ef51480cdaf76f831cf6ccb50?pvs=21), CH1 자막 (https://www.notion.so/CH1-2fe2dc3ef51480ab81f5e91ce940530f?pvs=21), CH2 교안제작 (https://www.notion.so/CH2-2fe2dc3ef5148003b72ce9293559ec30?pvs=21), CH2 촬영 (https://www.notion.so/CH2-2fe2dc3ef5148047af29d96031cccc70?pvs=21), CH2 편집 (https://www.notion.so/CH2-2fe2dc3ef51480ec8f67f89d46fc6324?pvs=21), CH2 자막 (https://www.notion.so/CH2-2fe2dc3ef5148048b846d973e68aa4b9?pvs=21), CH2 검수 (https://www.notion.so/CH2-2fe2dc3ef51480a9981efa5a731ad698?pvs=21), CH3 교안제작 (https://www.notion.so/CH3-2fe2dc3ef514803c8ecee4e275bc6ae1?pvs=21), CH3 촬영 (https://www.notion.so/CH3-2fe2dc3ef51480e78d4df8583f076da4?pvs=21), CH3 편집 (https://www.notion.so/CH3-2fe2dc3ef51480368ed5c05c5146441e?pvs=21), CH3 자막 (https://www.notion.so/CH3-2fe2dc3ef514806a9325c8819ec39bbc?pvs=21), CH3 검수 (https://www.notion.so/CH3-2fe2dc3ef51480d5aca9dd91d46cc64d?pvs=21), CH4 교안제작 (https://www.notion.so/CH4-2fe2dc3ef51480c382a4d75a1becf544?pvs=21), CH4 촬영 (https://www.notion.so/CH4-2fe2dc3ef51480e2af59c580b1a612e7?pvs=21), CH4 편집 (https://www.notion.so/CH4-2fe2dc3ef51480f691dccfbc5b035be7?pvs=21), CH4 자막 (https://www.notion.so/CH4-2fe2dc3ef5148058bbb7d4b88390d872?pvs=21), CH4 검수 (https://www.notion.so/CH4-2fe2dc3ef51480f49d46ec11a7ec345f?pvs=21), CH5 교안제작 (https://www.notion.so/CH5-2fe2dc3ef514802688a4efaf11f0f5c5?pvs=21), CH5 촬영 (https://www.notion.so/CH5-2fe2dc3ef51480b2ad97fa51120f9a38?pvs=21), CH5 편집 (https://www.notion.so/CH5-2fe2dc3ef51480918ebdefa929c17cf8?pvs=21), CH5 자막 (https://www.notion.so/CH5-2fe2dc3ef514800296c0c6981c23b5cc?pvs=21), CH5 검수 (https://www.notion.so/CH5-2fe2dc3ef51480a09b8be4aa8ecce576?pvs=21), CH6 교안제작 (https://www.notion.so/CH6-2fe2dc3ef514801286cac60a6675686d?pvs=21), CH6 촬영 (https://www.notion.so/CH6-2fe2dc3ef5148091b4c0f3d48632cb4e?pvs=21), CH6 편집 (https://www.notion.so/CH6-2fe2dc3ef514805da958d870183f7d80?pvs=21), CH6 자막 (https://www.notion.so/CH6-2fe2dc3ef51480ca9fd1f9b5e80e27eb?pvs=21), CH6 검수 (https://www.notion.so/CH6-2fe2dc3ef514802e864ef13d311408ef?pvs=21), CH7 교안제작 (https://www.notion.so/CH7-2fe2dc3ef5148090b1aaea8b062dfc15?pvs=21), CH7 촬영 (https://www.notion.so/CH7-2fe2dc3ef51480588284e0ea88c28955?pvs=21), CH7 편집 (https://www.notion.so/CH7-2fe2dc3ef5148071b8abdcae35f2c9fa?pvs=21), CH7 자막 (https://www.notion.so/CH7-2fe2dc3ef514800b9f38dde1cd82321c?pvs=21), CH7 검수 (https://www.notion.so/CH7-2fe2dc3ef51480bba2f5da88f9d75feb?pvs=21), CH9 교안제작 (https://www.notion.so/CH9-2fe2dc3ef51480b3b742e77bbab0a6ac?pvs=21), CH9 촬영 (https://www.notion.so/CH9-2fe2dc3ef51480778ca8ed745092fbea?pvs=21), CH9 편집 (https://www.notion.so/CH9-2fe2dc3ef514809b999dd6cac2952415?pvs=21), CH9 자막 (https://www.notion.so/CH9-2fe2dc3ef51480598070d2a772696c37?pvs=21), CH9 검수 (https://www.notion.so/CH9-2fe2dc3ef514806f8fefe445a826dd7d?pvs=21), CH10 교안제작 (https://www.notion.so/CH10-2fe2dc3ef5148066931ffe94f46799ab?pvs=21), CH10 촬영 (https://www.notion.so/CH10-2fe2dc3ef51480069c02e8ef4ca2335e?pvs=21), CH10 편집 (https://www.notion.so/CH10-2fe2dc3ef51480fc8247d0711ac113f6?pvs=21), CH10 자막 (https://www.notion.so/CH10-2fe2dc3ef51480049962df20344cc26e?pvs=21), CH10 검수 (https://www.notion.so/CH10-2fe2dc3ef51480c6b324e9ab0698e289?pvs=21)",19/47,No,0.40425531914893614,"Ch.1 : 2월 5일, Ch.2 : 2월 5일, Ch.3 : 2월 5일, Ch.4 : 2월 5일, Ch.5 : 2월 5일, Ch.6 : 2월 6일, Ch.7 : 2월 6일, Ch.8 : 2월 6일, Ch.9 : 2월 6일, Ch.10 : 2월 6일",1 / 1 / 1 / 1 / 1 / 0.5 / 0.5 / 2 / 0.5 / 1.5,No,https://docs.google.com/spreadsheets/d/1AU4Ep0AXuj_Ae_v1fQOSjQudPo7vNg6aALaO__X44Bk/edit?gid=1604089460#gid=1604089460,Unreal 기반 3D 게임 개발자 양성과정
(v1.3) 데이터 이해와 AI 기반 성과 분석,W3 이내 완료,2026년 3월 30일,,,김초희(KDT교육운영팀),2026년 3월 20일,부분 리뉴얼 (기존 강의 일부 수정),D-14,KDT,진행 중,🟠,제목 없음 (https://www.notion.so/2d52dc3ef514805a9bc2ddaadc9946ca?pvs=21),0/0,No,,,,No,,
"(v1.0) 결제 시스템 ",한달 이상,,,,장수미(KDT교육운영팀),2026년 5월 4일,신규 제작,D-59,KDT,시작 전,,제목 없음 (https://www.notion.so/2d52dc3ef514805a9bc2ddaadc9946ca?pvs=21),0/0,No,,,3시간 30분 ~ 4시간,No,,커머스 스프링 / 촬영 마무리: 4/29(수)
(v2.1) 마케팅 실무의 이해,한달 이상,2026년 4월 20일,,,김초희(KDT교육운영팀),2026년 4월 13일,부분 리뉴얼 (기존 강의 일부 수정),D-38,KDT,시작 전,,제목 없음 (https://www.notion.so/2d52dc3ef514805a9bc2ddaadc9946ca?pvs=21),0/0,No,,,,No,,디지털 마케터